fecha,num_boletin,semaforo,biomasa_caribe_mexicano_ton,biomasa_caribe_central_ton,biomasa_caribe_oriental_ton,biomasa_atlantico_central_ton,num_conglomerados,conglomerado_cozumel,corriente_xcalak_nudos,corriente_xcalak_dir,corriente_mahahual_nudos,corriente_mahahual_dir,corriente_tulum_nudos,corriente_tulum_dir,corriente_playa_carmen_nudos,corriente_playa_carmen_dir,corriente_puerto_morelos_nudos,corriente_puerto_morelos_dir,corriente_cancun_nudos,corriente_cancun_dir,viento_norte_nudos,viento_norte_dir,viento_sur_nudos,viento_sur_dir,archivo,año
2024-03-04,776,,670.0,,,,0,SI,,,,,,,,,,,,,,,,,SARGAZO_776_04_MARZO_2024.pdf,2024
2024-03-05,777,,571.0,,,,0,SI,,,,,,,,,,,,,,,,,SARGAZO_777_05_MARZO_2024.pdf,2024
2024-03-06,778,,638.0,,,,0,SI,,,,,,,,,,,,,,,,,SARGAZO_778_06_MARZO_2024.pdf,2024
2024-03-07,779,,602.0,,,,0,SI,,,,,,,,,,,,,,,,,SARGAZO_779_07_MARZO_2024.pdf,2024
2024-03-08,780,,869.0,,,,0,SI,,,,,,,,,,,,,,,,,SARGAZO_780_08_MARZO_2024.pdf,2024
2024-03-09,781,,758.0,,,,0,SI,,,,,,,,,,,,,,,,,SARGAZO_781_09_MARZO_2024.pdf,2024
2024-03-10,782,,,,,,0,SI,,,,,,,,,,,,,,,,,SARGAZO_782_10_MARZO_2024.pdf,2024
2024-03-11,783,,,,,,0,SI,,,,,,,,,,,,,,,,,SARGAZO_783_11_MARZO_2024.pdf,2024
2024-03-12,784,,,,,,0,SI,,,,,,,,,,,,,,,,,SARGAZO_784_12_MARZO_2024.pdf,2024
2024-03-13,785,,524.0,,,,0,SI,,,,,,,,,,,,,,,,,SARGAZO_785_13_MARZO_2024.pdf,2024
2024-03-14,786,,548.0,,,,0,SI,,,,,,,,,,,,,,,,,SARGAZO_786_14_MARZO_2024.pdf,2024
2024-03-15,787,,289.0,,,,0,SI,,,,,,,,,,,,,,,,,SARGAZO_787_15_MARZO_2024.pdf,2024
2024-03-16,788,,475.0,,,,0,SI,,,,,,,,,,,,,,,,,SARGAZO_788_16_MARZO_2024.pdf,2024
2024-03-17,789,,707.0,,,,0,SI,,,,,,,,,,,,,,,,,SARGAZO_789_17_MARZO_2024.pdf,2024
2024-03-18,790,,706.0,,,,0,SI,,,,,,,,,,,,,,,,,SARGAZO_790_18_MARZO_2024.pdf,2024
2024-03-19,791,,706.0,,,,0,SI,,,,,,,,,,,,,,,,,SARGAZO_791_19_MARZO_2024.pdf,2024
2024-03-20,792,,590.0,,,,0,SI,,,,,,,,,,,,,,,,,SARGAZO_792_20_MARZO_2024.pdf,2024
2024-03-21,793,,617.0,,,,0,SI,,,,,,,,,,,,,,,,,SARGAZO_793_21_MARZO_2024.pdf,2024
2024-03-22,794,,616.0,,,,0,SI,,,,,,,,,,,,,,,,,SARGAZO_794_22_MARZO_2024.pdf,2024
2024-03-23,795,,616.0,,,,0,SI,,,,,,,,,,,,,,,,,SARGAZO_795_23_MARZO_2024.pdf,2024
2024-03-24,796,,616.0,,,,0,SI,,,,,,,,,,,,,,,,,SARGAZO_796_24_MARZO_2024.pdf,2024
2024-03-27,797,,616.0,,,,0,SI,,,,,,,,,,,,,,,,,SARGAZO_797_27_MARZO_2024.pdf,2024
2024-03-28,798,,616.0,,,,0,SI,,,,,,,,,,,,,,,,,SARGAZO_798_28_MARZO_2024.pdf,2024
2024-03-29,799,,616.0,,,,0,SI,,,,,,,,,,,,,,,,,SARGAZO_799_29_MARZO_2024.pdf,2024
2024-04-01,802,,706.0,,,,0,SI,,,,,,,,,,,,,,,,,SARGAZO_802_01_ABRIL_2024.pdf,2024
2024-04-02,803,,637.0,,,,0,SI,,,,,,,,,,,,,,,,,SARGAZO_803_02_abril_2024.pdf,2024
2024-04-03,804,,654.0,,,,0,SI,,,,,,,,,,,,,,,,,SARGAZO_804_03_abril_2024.pdf,2024
2024-04-04,805,,706.0,,,,0,SI,,,,,,,,,,,,,,,,,SARGAZO_805_04_ABRIL_2024.pdf,2024
2024-04-05,806,,724.0,,,,0,SI,,,,,,,,,,,,,,,,,SARGAZO_806_05_ABRIL_2024.pdf,2024
2024-04-06,807,,990.0,,,,0,SI,,,,,,,,,,,,,,,,,SARGAZO_807_06_ABRIL_2024.pdf,2024
2024-04-07,808,,1000.0,,,,0,SI,,,,,,,,,,,,,,,,,SARGAZO_808_07_ABRIL_2024.pdf,2024
2024-04-08,809,,1558.0,,,,0,SI,,,,,,,,,,,,,,,,,SARGAZO_809_08_ABRIL_2024.pdf,2024
2024-04-09,810,,1488.0,,,,0,SI,,,,,,,,,,,,,,,,,SARGAZO_810_09_ABRIL_2024.pdf,2024
2024-04-10,811,,1400.0,,,,0,SI,,,,,,,,,,,,,,,,,SARGAZO_811_10_ABRIL_2024.pdf,2024
2024-04-11,812,,2147.0,,,,0,SI,,,,,,,,,,,,,,,,,SARGAZO_812_11_ABRIL_2024.pdf,2024
2024-04-12,813,,2217.0,,,,0,SI,,,,,,,,,,,,,,,,,SARGAZO_813_12_ABRIL_2024.pdf,2024
2024-04-13,814,,2509.0,,,,0,SI,,,,,,,,,,,,,,,,,SARGAZO_814_13_ABRIL_2024.pdf,2024
2024-04-14,815,,2514.0,,,,0,SI,,,,,,,,,,,,,,,,,SARGAZO_815_14_ABRIL_2024.pdf,2024
2024-04-15,816,,1675.0,,,,0,SI,,,,,,,,,,,,,,,,,SARGAZO_816_15_ABRIL_2024.pdf,2024
2024-04-16,817,,1922.0,,,,0,SI,,,,,,,,,,,,,,,,,SARGAZO_817_16_ABRIL_2024.pdf,2024
2024-04-17,818,,2028.0,,,,0,SI,,,,,,,,,,,,,,,,,SARGAZO_818_17_ABRIL_2024.pdf,2024
2024-04-18,819,,5644.0,,,,0,SI,,,,,,,,,,,,,,,,,SARGAZO_819_18_ABRIL_2024.pdf,2024
2024-04-19,820,,5364.0,,,,0,SI,,,,,,,,,,,,,,,,,SARGAZO_820_19_ABRIL_2024.pdf,2024
2024-04-20,821,,5212.0,,,,0,SI,,,,,,,,,,,,,,,,,SARGAZO_821_20_ABRIL_2024.pdf,2024
2024-04-21,822,,5487.0,,,,0,SI,,,,,,,,,,,,,,,,,SARGAZO_822_21_ABRIL_2024.pdf,2024
2024-04-22,823,,5543.0,,,,0,SI,,,,,,,,,,,,,,,,,SARGAZO_823_22_ABRIL_2024.pdf,2024
2024-04-23,824,,5988.0,,,,0,SI,,,,,,,,,,,,,,,,,SARGAZO_824_23_ABRIL_2024.pdf,2024
2024-04-24,825,,5917.0,,,,0,SI,,,,,,,,,,,,,,,,,SARGAZO_825_24_ABRIL_2024.pdf,2024
2024-04-25,826,,5297.0,,,,0,SI,,,,,,,,,,,,,,,,,SARGAZO_826_25_ABRIL_2024.pdf,2024
2024-04-26,827,,6036.0,,,,0,SI,,,,,,,,,,,,,,,,,SARGAZO_827_26_ABRIL_2024.pdf,2024
2024-04-27,828,,5435.0,,,,0,NO,,,,,,,,,,,,,,,,,SARGAZO_828_27_ABRIL_2024.pdf,2024
2024-04-28,829,,5427.0,,,,0,NO,,,,,,,,,,,,,,,,,SARGAZO_829_28_ABRIL_2024.pdf,2024
2024-04-29,830,,5400.0,,,,0,NO,,,,,,,,,,,,,,,,,SARGAZO_830_29_ABRIL_2024.pdf,2024
2024-04-30,831,,4751.0,,,,0,NO,,,,,,,,,,,,,,,,,SARGAZO_831_30_ABRIL_2024.pdf,2024
2024-05-01,832,,5171.0,,,,0,NO,,,,,,,,,,,,,,,,,SARGAZO_832_01_MAYO_2024.pdf,2024
2024-05-02,833,,5172.0,,,,0,NO,,,,,,,,,,,,,,,,,SARGAZO_833_02_MAYO_2024.pdf,2024
2024-05-03,834,BAJO,7714.0,,,,0,NO,,,,,,,,,,,,,,,,,SARGAZO_834_03_MAYO_2024.pdf,2024
2024-05-05,836,BAJO,9761.0,,,,0,NO,,,,,,,,,,,,,,,,,SARGAZO_836_05_MAYO_2024.pdf,2024
2024-05-06,837,BAJO,9342.0,,,,0,NO,,,,,,,,,,,,,,,,,SARGAZO_837_06_MAYO_2024.pdf,2024
2024-05-07,838,BAJO,10003.0,,,,0,SI,,,,,,,,,,,,,,,,,SARGAZO_838_07_MAYO_2024.pdf,2024
2024-05-08,839,BAJO,9798.0,,,,5,SI,,,,,,,,,,,,,,,,,SARGAZO_839_08_MAYO_2024.pdf,2024
2024-05-09,840,BAJO,8917.0,,,,6,SI,,,,,,,,,,,,,,,,,SARGAZO_840_09_MAYO_2024.pdf,2024
2024-05-10,841,BAJO,7466.0,,,,5,SI,,,,,,,,,,,,,,,,,SARGAZO_841_10_MAYO_2024.pdf,2024
2024-05-11,842,BAJO,7524.0,,,,6,SI,,,,,,,,,,,,,,,,,SARGAZO_842_11_MAYO_2024.pdf,2024
2024-05-12,843,BAJO,7763.0,,,,3,SI,,,,,,,,,,,,,,,,,SARGAZO_843_12_MAYO_2024.pdf,2024
2024-05-13,844,BAJO,8006.0,,,,4,SI,,,,,,,,,,,,,,,,,SARGAZO_844_13_MAYO_2024.pdf,2024
2024-05-14,845,BAJO,5178.0,,,,4,SI,,,,,,,,,,,,,,,,,SARGAZO_845_14_MAYO_2024.pdf,2024
2024-05-15,846,BAJO,5639.0,,,,6,SI,,,,,,,,,,,,,,,,,SARGAZO_846_15_MAYO_2024.pdf,2024
2024-05-16,847,BAJO,5639.0,,,,4,SI,,,,,,,,,,,,,,,,,SARGAZO_847_16_MAYO_2024.pdf,2024
2024-05-17,848,,,,,,3,NO,,,,,,,,,,,,,,,,,SARGAZO_848_17_MAYO_2024.pdf,2024
2024-05-18,849,MUY BAJO,5798.0,,,,3,SI,,,,,,,,,,,,,,,,,SARGAZO_849_18_MAYO_2024.pdf,2024
2024-05-19,850,MUY BAJO,4848.0,,,,3,SI,,,,,,,,,,,,,,,,,SARGAZO_850_19_MAYO_2024.pdf,2024
2024-05-20,851,MUY BAJO,4877.0,,,,3,SI,,,,,,,,,,,,,,,,,SARGAZO_851_20_MAYO_2024.pdf,2024
2024-05-21,852,MUY BAJO,4660.0,,,,3,NO,,,,,,,,,,,,,,,,,SARGAZO_852_21_MAYO_2024.pdf,2024
2024-05-22,853,MUY BAJO,5025.0,,,,2,SI,,,,,,,,,,,,,,,,,SARGAZO_853_22_MAYO_2024.pdf,2024
2024-05-23,854,MUY BAJO,5410.0,,,,1,SI,,,,,,,,,,,,,,,,,SARGAZO_854_23_MAYO_2024.pdf,2024
2024-05-24,855,BAJO,8132.0,,,,3,SI,,,,,,,,,,,,,,,,,SARGAZO_855_24_MAYO_2024.pdf,2024
2024-05-26,857,BAJO,8250.0,,,,4,SI,,,,,,,,,,,,,,,,,SARGAZO_857_26_MAYO_2024.pdf,2024
2024-05-27,858,BAJO,8231.0,,,,3,SI,,,,,,,,,,,,,,,,,SARGAZO_858_27_MAYO_2024.pdf,2024
2024-05-28,859,BAJO,8155.0,,,,3,SI,,,,,,,,,,,,,,,,,SARGAZO_859_28_MAYO_2024.pdf,2024
2024-05-29,860,MODERADO,11610.0,,,,4,NO,,,,,,,,,,,,,,,,,SARGAZO_860_29_MAYO_2024.pdf,2024
2024-05-30,861,BAJO,10734.0,,,,4,NO,,,,,,,,,,,,,,,,,SARGAZO_861_30_MAYO_2024.pdf,2024
2024-05-31,862,MODERADO,8034.0,,,,4,NO,,,,,,,,,,,,,,,,,SARGAZO_862_31_MAYO_2024.pdf,2024
2024-06-01,863,MODERADO,8034.0,,,,4,NO,,,,,,,,,,,,,,,,,SARGAZO_863_01_JUNIO_2024.pdf,2024
2024-06-02,864,BAJO,9275.0,,,,4,NO,,,,,,,,,,,,,,,,,SARGAZO_864_02_JUNIO_2024.pdf,2024
2024-06-03,865,MODERADO,13208.0,,,,6,SI,,,,,,,,,,,,,,,,,SARGAZO_865_03_JUNIO_2024.pdf,2024
2024-06-04,866,MODERADO,13086.0,,,,6,SI,,,,,,,,,,,,,,,,,SARGAZO_866_04_JUNIO_2024.pdf,2024
2024-06-05,867,,,,,,6,SI,,,,,,,,,,,,,,,,,SARGAZO_867_05_JUNIO_2024.pdf,2024
2024-06-06,868,MODERADO,,,,,7,SI,,,,,,,,,,,,,,,,,SARGAZO_868_06_JUNIO_2024.pdf,2024
2024-06-07,869,MODERADO,12680.0,,,,7,SI,,,,,,,,,,,,,,,,,SARGAZO_869_07_JUNIO_2024.pdf,2024
2024-06-08,870,MODERADO,13055.0,,,,6,SI,,,,,,,,,,,,,,,,,SARGAZO_870_08_JUNIO_2024.pdf,2024
2024-06-09,871,MODERADO,12796.0,,,,6,SI,,,,,,,,,,,,,,,,,SARGAZO_871_09_JUNIO_2024.pdf,2024
2024-06-10,872,BAJO,6452.0,,,,4,SI,,,,,,,,,,,,,,,,,SARGAZO_872_10_JUNIO_2024.pdf,2024
2024-06-11,873,BAJO,5943.0,,,,3,SI,,,,,,,,,,,,,,,,,SARGAZO_873_11_JUNIO_2024.pdf,2024
2024-06-12,874,ESCASO,734.0,,,,3,SI,,,,,,,,,,,,,,,,,SARGAZO_874_12_JUNIO_2024.pdf,2024
2024-06-13,875,ESCASO,1216.0,,,,3,SI,,,,,,,,,,,,,,,,,SARGAZO_875_13_JUNIO_2024.pdf,2024
2024-06-14,876,ESCASO,1198.0,,,,3,SI,,,,,,,,,,,,,,,,,SARGAZO_876_14_JUNIO_2024.pdf,2024
2024-06-15,877,ESCASO,889.0,,,,3,SI,,,,,,,,,,,,,,,,,SARGAZO_877_15_JUNIO_2024.pdf,2024
2024-06-16,878,ESCASO,889.0,,,,3,SI,,,,,,,,,,,,,,,,,SARGAZO_878_16_JUNIO_2024.pdf,2024
2024-06-17,879,ESCASO,780.0,,,,2,SI,,,,,,,,,,,,,,,,,SARGAZO_879_17_JUNIO_2024.pdf,2024
2024-06-18,880,ESCASO,780.0,,,,2,SI,,,,,,,,,,,,,,,,,SARGAZO_880_18_JUNIO_2024.pdf,2024
2024-06-19,881,ESCASO,742.0,,,,2,SI,,,,,,,,,,,,,,,,,SARGAZO_881_19_JUNIO_2024.pdf,2024
2024-06-20,882,ESCASO,,,,,0,SI,,,,,,,,,,,,,,,,,SARGAZO_882_20_JUNIO_2024.pdf,2024
2024-06-21,883,ESCASO,65.0,,,,0,SI,,,,,,,,,,,,,,,,,SARGAZO_883_21_JUNIO_2024.pdf,2024
2024-06-22,884,ESCASO,65.0,,,,0,SI,,,,,,,,,,,,,,,,,SARGAZO_884_22_JUNIO_2024.pdf,2024
2024-06-23,885,ESCASO,65.0,,,,0,SI,,,,,,,,,,,,,,,,,SARGAZO_885_23_JUNIO_2024.pdf,2024
2024-06-24,886,ESCASO,65.0,,,,0,SI,,,,,,,,,,,,,,,,,SARGAZO_886_24_JUNIO_2024.pdf,2024
2024-06-25,887,ESCASO,65.0,,,,0,SI,,,,,,,,,,,,,,,,,SARGAZO_887_25_JUNIO_2024.pdf,2024
2024-06-26,888,ESCASO,511.0,,,,0,SI,,,,,,,,,,,,,,,,,SARGAZO_888_26_JUNIO_2024.pdf,2024
2024-06-27,889,MUY BAJO,4695.0,,,,0,SI,,,,,,,,,,,,,,,,,SARGAZO_889_27_JUNIO_2024.pdf,2024
2024-06-28,890,MUY BAJO,4641.0,,,,0,SI,,,,,,,,,,,,,,,,,SARGAZO_890_28_JUNIO_2024.pdf,2024
2024-06-29,891,MUY BAJO,,,,,0,SI,,,,,,,,,,,,,,,,,SARGAZO_891_29_JUNIO_2024.pdf,2024
2024-06-30,892,,,,,,0,SI,,,,,,,,,,,,,,,,,SARGAZO_892_30_JUNIO_2024.pdf,2024
2024-07-01,893,MUY BAJO,4804.0,,,,0,SI,,,,,,,,,,,,,,,,,SARGAZO_893_01_JULIO_2024.pdf,2024
2024-07-02,894,MUY BAJO,4145.0,,,,0,SI,,,,,,,,,,,,,,,,,SARGAZO_894_02_JULIO_2024.pdf,2024
2024-07-03,895,,,,,,0,SI,,,,,,,,,,,,,,,,,SARGAZO_895_03_JULIO_2024.pdf,2024
2024-07-04,896,ESCASO,1808.0,,,,0,SI,,,,,,,,,,,,,,,,,SARGAZO_896_04_JULIO_2024.pdf,2024
2024-07-05,897,ESCASO,1832.0,,,,0,SI,,,,,,,,,,,,,,,,,SARGAZO_897_05_JULIO_2024.pdf,2024
2024-07-06,898,ESCASO,1832.0,,,,0,SI,,,,,,,,,,,,,,,,,SARGAZO_898_06_JULIO_2024.pdf,2024
2024-07-07,899,ESCASO,1984.0,,,,0,SI,,,,,,,,,,,,,,,,,SARGAZO_899_07_JULIO_2024.pdf,2024
2024-07-08,900,ESCASO,1838.0,,,,0,SI,,,,,,,,,,,,,,,,,SARGAZO_900_08_JULIO_2024.pdf,2024
2024-07-09,901,ESCASO,935.0,,,,0,SI,,,,,,,,,,,,,,,,,SARGAZO_901_09_JULIO_2024.pdf,2024
2024-07-10,902,ESCASO,1032.0,,,,0,NO,,,,,,,,,,,,,,,,,SARGAZO_902_10_JULIO_2024.pdf,2024
2024-07-11,903,ESCASO,651.0,,,,0,NO,,,,,,,,,,,,,,,,,SARGAZO_903_11_JULIO_2024.pdf,2024
2024-07-12,904,ESCASO,1052.0,,,,0,NO,,,,,,,,,,,,,,,,,SARGAZO_904_12_JULIO_2024.pdf,2024
2024-07-14,906,ESCASO,1300.0,,,,0,NO,,,,,,,,,,,,,,,,,SARGAZO_906_14_JULIO_2024.pdf,2024
2024-07-15,907,ESCASO,1318.0,,,,0,NO,,,,,,,,,,,,,,,,,SARGAZO_907_15_JULIO_2024.pdf,2024
2024-07-16,908,ESCASO,1227.0,,,,0,NO,,,,,,,,,,,,,,,,,SARGAZO_908_16_JULIO_2024.pdf,2024
2024-07-17,909,ESCASO,1208.0,,,,0,NO,,,,,,,,,,,,,,,,,SARGAZO_909_17_JULIO_2024.pdf,2024
2024-07-18,910,ESCASO,1095.0,,,,0,NO,,,,,,,,,,,,,,,,,SARGAZO_910_18_JULIO_2024.pdf,2024
2024-07-19,911,ESCASO,1341.0,,,,0,NO,,,,,,,,,,,,,,,,,SARGAZO_911_19_JULIO_2024.pdf,2024
2024-07-20,912,ESCASO,1316.0,,,,0,NO,,,,,,,,,,,,,,,,,SARGAZO_912_20_JULIO_2024.pdf,2024
2024-07-21,913,ESCASO,845.0,,,,0,SI,,,,,,,,,,,,,,,,,SARGAZO_913_21_JULIO_2024.pdf,2024
2024-07-22,914,ESCASO,863.0,,,,0,NO,,,,,,,,,,,,,,,,,SARGAZO_914_22_JULIO_2024.pdf,2024
2024-07-23,915,ESCASO,766.0,,,,0,NO,,,,,,,,,,,,,,,,,SARGAZO_915_23_JULIO_2024.pdf,2024
2024-07-24,916,ESCASO,733.0,,,,0,NO,,,,,,,,,,,,,,,,,SARGAZO_916_24_JULIO_2024.pdf,2024
2024-07-25,917,ESCASO,751.0,,,,0,SI,,,,,,,,,,,,,,,,,SARGAZO_917_25_JULIO_2024.pdf,2024
2024-07-26,918,ESCASO,751.0,,,,0,SI,,,,,,,,,,,,,,,,,SARGAZO_918_26_JULIO_2024.pdf,2024
2024-07-27,919,ESCASO,751.0,,,,0,SI,,,,,,,,,,,,,,,,,SARGAZO_919_27_JULIO_2024.pdf,2024
2024-07-28,920,ESCASO,751.0,,,,0,SI,,,,,,,,,,,,,,,,,SARGAZO_920_28_JULIO_2024.pdf,2024
2024-07-29,921,ESCASO,751.0,,,,0,SI,,,,,,,,,,,,,,,,,SARGAZO_921_29_JULIO_2024.pdf,2024
2024-07-30,922,ESCASO,751.0,,,,0,SI,,,,,,,,,,,,,,,,,SARGAZO_922_30_JULIO_2024.pdf,2024
2024-07-31,923,ESCASO,38.0,,,,0,SI,,,,,,,,,,,,,,,,,SARGAZO_923_31_JULIO_2024.pdf,2024
2024-08-01,924,ESCASO,40.0,,,,0,SI,,,,,,,,,,,,,,,,,SARGAZO_924_01_AGOSTO_2024.pdf,2024
2024-08-02,925,ESCASO,97.0,,,,0,SI,,,,,,,,,,,,,,,,,SARGAZO_925_02_AGOSTO_2024.pdf,2024
2024-08-03,926,ESCASO,726.0,,,,2,SI,,,,,,,,,,,,,,,,,SARGAZO_926_03_AGOSTO_2024.pdf,2024
2024-08-04,927,ESCASO,726.0,,,,2,SI,,,,,,,,,,,,,,,,,SARGAZO_927_04_AGOSTO_2024.pdf,2024
2024-08-05,928,ESCASO,1181.0,,,,2,SI,,,,,,,,,,,,,,,,,SARGAZO_928_05_AGOSTO_2024.pdf,2024
2024-08-06,929,ESCASO,1181.0,,,,2,SI,,,,,,,,,,,,,,,,,SARGAZO_929_06_AGOSTO_2024.pdf,2024
2024-08-07,930,ESCASO,1275.0,,,,3,NO,,,,,,,,,,,,,,,,,SARGAZO_930_07_AGOSTO_2024.pdf,2024
2024-08-08,931,ESCASO,1429.0,,,,4,SI,,,,,,,,,,,,,,,,,SARGAZO_931_08_AGOSTO_2024.pdf,2024
2024-08-09,932,,,,,,4,SI,,,,,,,,,,,,,,,,,SARGAZO_932_09_AGOSTO_2024.pdf,2024
2024-08-10,933,,,,,,3,SI,,,,,,,,,,,,,,,,,SARGAZO_933_10_AGOSTO_2024.pdf,2024
2024-08-11,934,,,,,,3,SI,,,,,,,,,,,,,,,,,SARGAZO_934_11_AGOSTO_2024.pdf,2024
2024-08-12,935,ESCASO,1162.0,,,,3,SI,,,,,,,,,,,,,,,,,SARGAZO_935_12_AGOSTO_2024.pdf,2024
2024-08-13,936,ESCASO,1162.0,,,,3,SI,,,,,,,,,,,,,,,,,SARGAZO_936_13_AGOSTO_2024.pdf,2024
2024-08-14,937,ESCASO,842.0,,,,3,SI,,,,,,,,,,,,,,,,,SARGAZO_937_14_AGOSTO_2024.pdf,2024
2024-08-15,938,ESCASO,315.0,,,,2,SI,,,,,,,,,,,,,,,,,SARGAZO_938_15_AGOSTO_2024.pdf,2024
2024-08-16,939,ESCASO,325.0,,,,2,SI,,,,,,,,,,,,,,,,,SARGAZO_939_16_AGOSTO_2024.pdf,2024
2024-08-17,940,ESCASO,,,,,4,NO,,,,,,,,,,,,,,,,,SARGAZO_940_17_AGOSTO_2024.pdf,2024
2024-08-18,941,ESCASO,,,,,4,SI,,,,,,,,,,,,,,,,,SARGAZO_941_18_AGOSTO_2024.pdf,2024
2024-08-19,942,ESCASO,390.0,,,,4,SI,,,,,,,,,,,,,,,,,SARGAZO_942_19_AGOSTO_2024.pdf,2024
2024-08-20,943,ESCASO,391.0,,,,4,SI,,,,,,,,,,,,,,,,,SARGAZO_943_20_AGOSTO_2024.pdf,2024
2024-08-21,944,ESCASO,391.0,,,,4,SI,,,,,,,,,,,,,,,,,SARGAZO_944_21_AGOSTO_2024.pdf,2024
2024-08-22,945,ESCASO,272.0,,,,3,SI,,,,,,,,,,,,,,,,,SARGAZO_945_22_AGOSTO_2024.pdf,2024
2024-08-23,946,ESCASO,218.0,,,,3,SI,,,,,,,,,,,,,,,,,SARGAZO_946_23_AGOSTO_2024.pdf,2024
2024-08-24,947,ESCASO,218.0,,,,3,SI,,,,,,,,,,,,,,,,,SARGAZO_947_24_AGOSTO_2024.pdf,2024
2024-08-25,948,ESCASO,218.0,,,,3,SI,,,,,,,,,,,,,,,,,SARGAZO_948_25_AGOSTO_2024.pdf,2024
2024-08-26,949,ESCASO,155.0,,,,3,SI,,,,,,,,,,,,,,,,,SARGAZO_949_26_AGOSTO_2024.pdf,2024
2024-08-27,950,ESCASO,133.0,,,,1,NO,,,,,,,,,,,,,,,,,SARGAZO_950_27_AGOSTO_2024.pdf,2024
2024-08-28,951,ESCASO,,,,,3,NO,,,,,,,,,,,,,,,,,SARGAZO_951_28_AGOSTO_2024.pdf,2024
2024-08-29,952,ESCASO,657.0,,,,2,NO,,,,,,,,,,,,,,,,,SARGAZO_952_29_AGOSTO_2024.pdf,2024
2024-08-30,953,ESCASO,656.0,,,,2,NO,,,,,,,,,,,,,,,,,SARGAZO_953_30_AGOSTO_2024.pdf,2024
2024-08-31,954,ESCASO,638.0,,,,2,NO,,,,,,,,,,,,,,,,,SARGAZO_954_31_AGOSTO_2024.pdf,2024
2024-09-01,955,ESCASO,894.0,,,,3,NO,,,,,,,,,,,,,,,,,SARGAZO_955_01_SEPTIEMBRE_2024.pdf,2024
2024-09-02,956,ESCASO,,,,,3,NO,,,,,,,,,,,,,,,,,SARGAZO_956_02_SEPTIEMBRE_2024.pdf,2024
2024-09-03,957,ESCASO,,,,,3,NO,,,,,,,,,,,,,,,,,SARGAZO_957_03_SEPTIEMBRE_2024.pdf,2024
2024-09-04,958,ESCASO,608.0,,,,3,SI,,,,,,,,,,,,,,,,,SARGAZO_958_04_SEPTIEMBRE_2024.pdf,2024
2024-09-05,959,ESCASO,521.0,,,,3,SI,,,,,,,,,,,,,,,,,SARGAZO_959_05_SEPTIEMBRE_2024.pdf,2024
2024-09-06,960,ESCASO,,,,,4,SI,,,,,,,,,,,,,,,,,SARGAZO_960_06_SEPTIEMBRE_2024.pdf,2024
2024-09-07,961,ESCASO,,,,,4,SI,,,,,,,,,,,,,,,,,SARGAZO_961_07_SEPTIEMBRE_2024.pdf,2024
2024-09-08,962,ESCASO,368.0,,,,2,SI,,,,,,,,,,,,,,,,,SARGAZO_962_08_SEPTIEMBRE_2024.pdf,2024
2024-09-09,963,ESCASO,316.0,,,,1,SI,,,,,,,,,,,,,,,,,SARGAZO_963_09_SEPTIEMBRE_2024.pdf,2024
2024-09-10,964,ESCASO,325.0,,,,1,SI,,,,,,,,,,,,,,,,,SARGAZO_964_10_SEPTIEMBRE_2024.pdf,2024
2024-09-11,965,ESCASO,295.0,,,,1,SI,,,,,,,,,,,,,,,,,SARGAZO_965_11_SEPTIEMBRE_2024.pdf,2024
2024-09-12,966,ESCASO,402.0,,,,1,SI,,,,,,,,,,,,,,,,,SARGAZO_966_12_SEPTIEMBRE_2024.pdf,2024
2024-09-13,967,ESCASO,,,,,3,SI,,,,,,,,,,,,,,,,,SARGAZO_967_13_SEPTIEMBRE_2024.pdf,2024
2024-09-14,968,ESCASO,756.0,,,,3,SI,,,,,,,,,,,,,,,,,SARGAZO_968_14_SEPTIEMBRE_2024.pdf,2024
2024-09-15,969,ESCASO,788.0,,,,3,SI,,,,,,,,,,,,,,,,,SARGAZO_969_15_SEPTIEMBRE_2024.pdf,2024
2024-09-16,970,ESCASO,709.0,,,,3,SI,,,,,,,,,,,,,,,,,SARGAZO_970_16_SEPTIEMBRE_2024.pdf,2024
2024-09-17,971,ESCASO,670.0,,,,3,SI,,,,,,,,,,,,,,,,,SARGAZO_971_17_SEPTIEMBRE_2024.pdf,2024
2024-09-18,972,ESCASO,,,,,3,SI,,,,,,,,,,,,,,,,,SARGAZO_972_18_SEPTIEMBRE_2024.pdf,2024
2024-09-19,973,ESCASO,733.0,,,,3,SI,,,,,,,,,,,,,,,,,SARGAZO_973_19_SEPTIEMBRE_2024.pdf,2024
2024-09-20,974,ESCASO,,,,,0,NO,,,,,,,,,,,,,,,,,SARGAZO_974_20_SEPTIEMBRE_2024.pdf,2024
2024-09-21,975,ESCASO,524.0,,,,0,NO,,,,,,,,,,,,,,,,,SARGAZO_975_21_SEPTIEMBRE_2024.pdf,2024
2024-09-22,976,ESCASO,418.0,,,,0,NO,,,,,,,,,,,,,,,,,SARGAZO_976_22_SEPTIEMBRE_2024.pdf,2024
2024-09-23,977,ESCASO,455.0,,,,0,NO,,,,,,,,,,,,,,,,,SARGAZO_977_23_SEPTIEMBRE_2024.pdf,2024
2024-09-24,978,ESCASO,347.0,,,,1,NO,,,,,,,,,,,,,,,,,SARGAZO_978_24_SEPTIEMBRE_2024.pdf,2024
2024-09-25,979,ESCASO,323.0,,,,1,NO,,,,,,,,,,,,,,,,,SARGAZO_979_25_SEPTIEMBRE_2024.pdf,2024
2024-09-26,980,ESCASO,323.0,,,,1,NO,,,,,,,,,,,,,,,,,SARGAZO_980_26_SEPTIEMBRE_2024.pdf,2024
2024-09-27,981,ESCASO,323.0,,,,1,NO,,,,,,,,,,,,,,,,,SARGAZO_981_27_SEPTIEMBRE_2024.pdf,2024
2024-09-28,982,ESCASO,323.0,,,,1,NO,,,,,,,,,,,,,,,,,SARGAZO_982_28_SEPTIEMBRE_2024.pdf,2024
2024-09-29,983,ESCASO,323.0,,,,1,NO,,,,,,,,,,,,,,,,,SARGAZO_983_29_SEPTIEMBRE_2024.pdf,2024
2024-09-30,984,ESCASO,0.0,,,,0,NO,,,,,,,,,,,,,,,,,SARGAZO_984_30_SEPTIEMBRE_2024.pdf,2024
2024-10-01,985,ESCASO,0.0,,,,0,NO,,,,,,,,,,,,,,,,,SARGAZO_985_01_OCTUBRE_2024.pdf,2024
2024-10-03,987,ESCASO,19.0,,,,0,NO,,,,,,,,,,,,,,,,,SARGAZO_987_03_OCTUBRE_2024.pdf,2024
2024-10-04,988,ESCASO,19.0,,,,0,NO,,,,,,,,,,,,,,,,,SARGAZO_988_04_OCTUBRE_2024.pdf,2024
2024-10-05,989,ESCASO,19.0,,,,0,NO,,,,,,,,,,,,,,,,,SARGAZO_989_05_OCTUBRE_2024.pdf,2024
2024-10-06,990,ESCASO,19.0,,,,0,NO,,,,,,,,,,,,,,,,,SARGAZO_990_06_OCTUBRE_2024.pdf,2024
2024-10-07,991,ESCASO,19.0,,,,0,NO,,,,,,,,,,,,,,,,,SARGAZO_991_07_OCTUBRE_2024.pdf,2024
2024-10-08,992,ESCASO,0.0,,,,0,NO,,,,,,,,,,,,,,,,,SARGAZO_992_08_OCTUBRE_2024.pdf,2024
2024-10-09,993,ESCASO,0.0,,,,0,SI,,,,,,,,,,,,,,,,,SARGAZO_993_09_OCTUBRE_2024.pdf,2024
2024-10-10,994,ESCASO,0.0,,,,0,SI,,,,,,,,,,,,,,,,,SARGAZO_994_10_OCTUBRE_2024.pdf,2024
2025-03-01,995,ESCASO,9157.0,22996.0,21281.0,158287.0,0,NO,,,,,,,,,,,,,,,,,SARGAZO_995_01_MARZO_2025.pdf,2025
2025-03-02,996,ESCASO,10630.0,22448.0,20518.0,156446.0,0,NO,,,,,,,,,,,,,,,,,SARGAZO_996_02_MARZO_2025.pdf,2025
2025-03-03,997,ESCASO,11424.0,22097.0,24293.0,134713.0,0,NO,,,,,,,,,,,,,,,,,SARGAZO_997_03_MARZO_2025.pdf,2025
2025-03-04,998,ESCASO,10800.0,23789.0,28150.0,156459.0,0,NO,,,,,,,,,,,,,,,,,SARGAZO_998_04_MARZO_2025.pdf,2025
2025-03-05,999,MUY BAJO,11522.0,23789.0,33858.0,182246.0,0,NO,,,,,,,,,,,,,,,,,SARGAZO_999_05_MARZO_2025.pdf,2025
2025-03-06,1000,MUY BAJO,12881.0,23221.0,34161.0,202782.0,0,NO,,,,,,,,,,,,,,,,,SARGAZO_1000_06_MARZO_2025.pdf,2025
2025-03-07,1001,MUY BAJO,14353.0,24118.0,35621.0,216666.0,0,NO,,,,,,,,,,,,,,,,,SARGAZO_1001_07_MARZO_2025.pdf,2025
2025-03-08,1002,ESCASO,15538.0,22367.0,42354.0,221135.0,0,NO,,,,,,,,,,,,,,,,,SARGAZO_1002_08_MARZO_2025.pdf,2025
2025-03-09,1003,ESCASO,15521.0,18291.0,44462.0,254284.0,0,NO,,,,,,,,,,,,,,,,,SARGAZO_1003_09_MARZO_2025.pdf,2025
2025-03-10,1004,ESCASO,15728.0,26377.0,41194.0,288751.0,0,NO,,,,,,,,,,,,,,,,,SARGAZO_1004_10_MARZO_2025.pdf,2025
2025-03-11,1005,ESCASO,16914.0,29791.0,44439.0,301120.0,0,NO,,,,,,,,,,,,,,,,,SARGAZO_1005_11_MARZO_2025.pdf,2025
2025-03-12,1006,ESCASO,18142.0,30634.0,45090.0,303974.0,0,NO,,,,,,,,,,,,,,,,,SARGAZO_1006_12_MARZO_2025.pdf,2025
2025-03-13,1007,ESCASO,20632.0,28901.0,47611.0,320334.0,0,NO,,,,,,,,,,,,,,,,,SARGAZO_1007_13_MARZO_2025.pdf,2025
2025-03-14,1008,MUY BAJO,21403.0,32270.0,53255.0,333867.0,0,NO,,,,,,,,,,,,,,,,,SARGAZO_1008_14_MARZO_2025.pdf,2025
2025-03-15,1009,BAJO,21659.0,21653.0,54464.0,339548.0,0,NO,,,,,,,,,,,,,,,,,SARGAZO_1009_15_MARZO_2025.pdf,2025
2025-03-16,1010,BAJO,21309.0,36004.0,55777.0,341654.0,0,NO,,,,,,,,,,,,,,,,,SARGAZO_1010_16_MARZO_2025.pdf,2025
2025-03-17,1011,MUY BAJO,19471.0,35102.0,60012.0,350996.0,0,NO,,,,,,,,,,,,,,,,,SARGAZO_1011_17_MARZO_2025.pdf,2025
2025-03-18,1012,MUY BAJO,21553.0,33407.0,60012.0,357293.0,0,NO,,,,,,,,,,,,,,,,,SARGAZO_1012_18_MARZO_2025.pdf,2025
2025-03-19,1013,MUY BAJO,19640.0,30201.0,65823.0,357507.0,0,NO,,,,,,,,,,,,,,,,,SARGAZO_1013_19_MARZO_2025.pdf,2025
2025-03-20,1014,MUY BAJO,20634.0,30135.0,66073.0,343630.0,0,NO,,,,,,,,,,,,,,,,,SARGAZO_1014_20_MARZO_2025.pdf,2025
2025-03-21,1015,MUY BAJO,20355.0,36355.0,61991.0,351437.0,0,NO,,,,,,,,,,,,,,,,,SARGAZO_1015_21_MARZO_2025.pdf,2025
2025-03-22,1016,MUY BAJO,19479.0,35795.0,61059.0,362837.0,0,NO,,,,,,,,,,,,,,,,,SARGAZO_1016_22_MARZO_2025.pdf,2025
2025-03-23,1017,MUY BAJO,21174.0,30141.0,60533.0,342545.0,0,NO,,,,,,,,,,,,,,,,,SARGAZO_1017_23_MARZO_2025.pdf,2025
2025-03-24,1018,MUY BAJO,21174.0,30141.0,60533.0,342545.0,0,NO,,,,,,,,,,,,,,,,,SARGAZO_1018_24_MARZO_2025.pdf,2025
2025-03-25,1019,MUY BAJO,20017.0,29213.0,52593.0,313390.0,0,NO,,,,,,,,,,,,,,,,,SARGAZO_1019_25_MARZO_2025.pdf,2025
2025-03-26,1020,MUY BAJO,18405.0,28832.0,50410.0,286805.0,0,NO,,,,,,,,,,,,,,,,,SARGAZO_1020_26_MARZO_2025.pdf,2025
2025-03-27,1021,MUY BAJO,18405.0,28832.0,50410.0,286805.0,0,NO,,,,,,,,,,,,,,,,,SARGAZO_1021_27_MARZO_2025.pdf,2025
2025-03-28,1022,MUY BAJO,15609.0,7454.0,36868.0,199629.0,0,NO,,,,,,,,,,,,,,,,,SARGAZO_1022_28_MARZO_2025.pdf,2025
2025-03-29,1023,ESCASO,12230.0,5726.0,39795.0,189377.0,0,NO,,,,,,,,,,,,,,,,,SARGAZO_1023_29_MARZO_2025.pdf,2025
2025-03-30,1024,ESCASO,10632.0,9966.0,35485.0,178370.0,0,NO,,,,,,,,,,,,,,,,,SARGAZO_1024_30_MARZO_2025.pdf,2025
2025-03-31,1025,ESCASO,10632.0,9966.0,35485.0,178370.0,0,NO,,,,,,,,,,,,,,,,,SARGAZO_1025_31_MARZO_2025.pdf,2025
2025-04-01,1026,ESCASO,13673.0,11054.0,43207.0,153895.0,0,NO,,,,,,,,,,,,,,,,,SARGAZO_1026_01_ABRIL_2025.pdf,2025
2025-04-02,1027,ESCASO,13673.0,11054.0,43207.0,153895.0,0,NO,,,,,,,,,,,,,,,,,SARGAZO_1027_02_ABRIL_2025.pdf,2025
2025-04-03,1028,ESCASO,14276.0,9176.0,46454.0,134723.0,0,NO,,,,,,,,,,,,,,,,,SARGAZO_1028_03_ABRIL_2025.pdf,2025
2025-04-04,1029,MUY BAJO,15958.0,9229.0,42798.0,137217.0,0,NO,,,,,,,,,,,,,,,,,SARGAZO_1029_04_ABRIL_2025.pdf,2025
2025-04-05,1030,MUY BAJO,15775.0,10021.0,43697.0,133351.0,0,NO,,,,,,,,,,,,,,,,,SARGAZO_1030_05_ABRIL_2025.pdf,2025
2025-04-06,1031,MUY BAJO,15165.0,8271.0,42307.0,143251.0,0,NO,,,,,,,,,,,,,,,,,SARGAZO_1031_06_ABRIL_2025.pdf,2025
2025-04-07,1032,MUY BAJO,13054.0,3958.0,40813.0,78176.0,0,NO,,,,,,,,,,,,,,,,,SARGAZO_1032_07_ABRIL_2025.pdf,2025
2025-04-08,1033,MUY BAJO,15234.0,1588.0,52079.0,175299.0,0,NO,,,,,,,,,,,,,,,,,SARGAZO_1033_08_ABRIL_2025.pdf,2025
2025-04-09,1034,MUY BAJO,10649.0,12706.0,18276.0,72021.0,0,NO,,,,,,,,,,,,,,,,,SARGAZO_1034_09_ABRIL_2025.pdf,2025
2025-04-10,1035,ESCASO,1952.0,8925.0,11459.0,39409.0,0,NO,,,,,,,,,,,,,,,,,SARGAZO_1035_10_ABRIL_2025.pdf,2025
2025-04-11,1036,MUY BAJO,7241.0,1721.0,15979.0,107829.0,0,NO,,,,,,,,,,,,,,,,,SARGAZO_1036_11_ABRIL_2025.pdf,2025
2025-04-12,1037,MUY BAJO,16176.0,9763.0,83739.0,396737.0,0,NO,,,,,,,,,,,,,,,,,SARGAZO_1037_12_ABRIL_2025.pdf,2025
2025-04-13,1038,BAJO,17541.0,14864.0,129256.0,455577.0,0,NO,,,,,,,,,,,,,,,,,SARGAZO_1038_13_ABRIL_2025.pdf,2025
2025-04-14,1039,BAJO,17818.0,15105.0,134211.0,516787.0,0,NO,,,,,,,,,,,,,,,,,SARGAZO_1039_14_ABRIL_2025.pdf,2025
2025-04-15,1040,BAJO,16282.0,14033.0,175243.0,529735.0,0,NO,,,,,,,,,,,,,,,,,SARGAZO_1040_15_ABRIL_2025.pdf,2025
2025-04-16,1041,BAJO,14688.0,9339.0,202716.0,585884.0,0,NO,,,,,,,,,,,,,,,,,SARGAZO_1041_16_ABRIL_2025.pdf,2025
2025-04-17,1042,BAJO,13788.0,6358.0,206968.0,580276.0,0,NO,,,,,,,,,,,,,,,,,SARGAZO_1042_17_ABRIL_2025.pdf,2025
2025-04-18,1043,BAJO,14931.0,5885.0,225526.0,558729.0,0,NO,,,,,,,,,,,,,,,,,SARGAZO_1043_18_ABRIL_2025.pdf,2025
2025-04-19,1044,BAJO,10119.0,7305.0,224263.0,560376.0,0,NO,,,,,,,,,,,,,,,,,SARGAZO_1044_19_ABRIL_2025.pdf,2025
2025-04-20,1045,BAJO,10500.0,9062.0,232170.0,551290.0,0,NO,,,,,,,,,,,,,,,,,SARGAZO_1045_20_ABRIL_2025.pdf,2025
2025-04-21,1046,MUY BAJO,10256.0,9894.0,240074.0,603387.0,0,NO,,,,,,,,,,,,,,,,,SARGAZO_1046_21_ABRIL_2025.pdf,2025
2025-04-25,1050,ESCASO,12253.0,34285.0,1469405.0,513801.0,0,NO,,,,,,,,,,,,,,,,,SARGAZO_1050_25_ABRIL_2025.pdf,2025
2025-04-26,1051,ESCASO,13539.0,36979.0,273665.0,514997.0,0,NO,,,,,,,,,,,,,,,,,SARGAZO_1051_26_ABRIL_2025.pdf,2025
2025-04-27,1052,ESCASO,20126.0,40045.0,275104.0,541048.0,0,NO,,,,,,,,,,,,,,,,,SARGAZO_1052_27_ABRIL_2025.pdf,2025
2025-04-28,1053,ESCASO,20337.0,45343.0,274383.0,466979.0,0,NO,,,,,,,,,,,,,,,,,SARGAZO_1053_28_ABRIL_2025.pdf,2025
2025-04-29,1054,ESCASO,19602.0,48774.0,263499.0,433305.0,0,NO,,,,,,,,,,,,,,,,,SARGAZO_1054_29_ABRIL_2025.pdf,2025
2025-04-30,1055,ESCASO,19605.0,50338.0,273456.0,380594.0,0,NO,,,,,,,,,,,,,,,,,SARGAZO_1055_30_ABRIL_2025.pdf,2025
2025-05-01,1056,ESCASO,19086.0,46336.0,243281.0,459928.0,0,NO,,,,,,,,,,,,,,,,,SARGAZO_1056_01_MAYO_2025.pdf,2025
2025-05-02,1057,ESCASO,21664.0,46490.0,219939.0,451221.0,0,NO,,,,,,,,,,,,,,,,,SARGAZO_1057_02_MAYO_2025.pdf,2025
2025-05-03,1058,ESCASO,22930.0,43607.0,256532.0,641537.0,0,NO,,,,,,,,,,,,,,,,,SARGAZO_1058_03_MAYO_2025.pdf,2025
2025-05-04,1059,ESCASO,18828.0,49402.0,262868.0,724762.0,0,NO,,,,,,,,,,,,,,,,,SARGAZO_1059_04_MAYO_2025.pdf,2025
2025-05-05,1060,ESCASO,17972.0,58031.0,278756.0,732318.0,0,NO,,,,,,,,,,,,,,,,,SARGAZO_1060_05_MAYO_2025.pdf,2025
2025-05-06,1061,ESCASO,18395.0,53968.0,314818.0,801309.0,0,NO,,,,,,,,,,,,,,,,,SARGAZO_1061_06_MAYO_2025.pdf,2025
2025-05-07,1062,ESCASO,23606.0,62015.0,263129.0,886003.0,0,NO,,,,,,,,,,,,,,,,,SARGAZO_1062_07_MAYO_2025.pdf,2025
2025-05-08,1063,ESCASO,26274.0,59014.0,346246.0,1031212.0,0,NO,,,,,,,,,,,,,,,,,SARGAZO_1063_08_MAYO_2025.pdf,2025
2025-05-09,1064,ESCASO,24579.0,70448.0,369764.0,1029043.0,0,NO,,,,,,,,,,,,,,,,,SARGAZO_1064_09_MAYO_2025.pdf,2025
2025-05-10,1065,ESCASO,23332.0,70635.0,361673.0,982107.0,0,NO,,,,,,,,,,,,,,,,,SARGAZO_1065_10_MAYO_2025.pdf,2025
2025-05-11,1066,ESCASO,23791.0,61493.0,362944.0,932188.0,0,NO,,,,,,,,,,,,,,,,,SARGAZO_1066_11_MAYO_2025.pdf,2025
2025-05-12,1067,ESCASO,24292.0,52574.0,341767.0,917270.0,0,NO,,,,,,,,,,,,,,,,,SARGAZO_1067_12_MAYO_2025.pdf,2025
2025-05-13,1068,ESCASO,26444.0,52407.0,338504.0,869996.0,0,NO,,,,,,,,,,,,,,,,,SARGAZO_1068_13_MAYO_2025.pdf,2025
2025-05-14,1069,ESCASO,18152.0,51916.0,337919.0,741891.0,0,NO,,,,,,,,,,,,,,,,,SARGAZO_1069_14_MAYO_2025.pdf,2025
2025-05-15,1070,ESCASO,19306.0,53655.0,273491.0,495492.0,0,NO,,,,,,,,,,,,,,,,,SARGAZO_1070_15_MAYO_2025.pdf,2025
2025-05-16,1071,BAJO,19131.0,36386.0,245624.0,390811.0,0,NO,,,,,,,,,,,,,,,,,SARGAZO_1071_16_MAYO_2025.pdf,2025
2025-05-17,1072,BAJO,21768.0,64835.0,219863.0,336847.0,0,NO,,,,,,,,,,,,,,,,,SARGAZO_1072_17_MAYO_2025.pdf,2025
2025-05-18,1073,BAJO,28302.0,64794.0,190417.0,280692.0,0,NO,,,,,,,,,,,,,,,,,SARGAZO_1073_18_MAYO_2025.pdf,2025
2025-05-19,1074,MODERADO,27810.0,91011.0,245833.0,286222.0,0,NO,,,,,,,,,,,,,,,,,SARGAZO_1074_19_MAYO_2025.pdf,2025
2025-05-20,1075,MODERADO,37356.0,107637.0,189930.0,176422.0,0,NO,,,,,,,,,,,,,,,,,SARGAZO_1075_20_MAYO_2025.pdf,2025
2025-05-21,1076,MODERADO,35118.0,103883.0,245331.0,382253.0,0,NO,,,,,,,,,,,,,,,,,SARGAZO_1076_21_MAYO_2025.pdf,2025
2025-05-22,1077,MODERADO,34040.0,111204.0,246627.0,397619.0,0,NO,,,,,,,,,,,,,,,,,SARGAZO_1077_22_MAYO_2025.pdf,2025
2025-05-23,1078,MODERADO,35902.0,113006.0,323220.0,560351.0,0,NO,,,,,,,,,,,,,,,,,SARGAZO_1078_23_MAYO_2025.pdf,2025
2025-05-24,1079,MODERADO,35889.0,98678.0,317732.0,565130.0,0,NO,,,,,,,,,,,,,,,,,SARGAZO_1079_24_MAYO_2025.pdf,2025
2025-05-25,1080,MODERADO,35018.0,100663.0,294693.0,576579.0,0,NO,,,,,,,,,,,,,,,,,SARGAZO_1080_25_MAYO_2025.pdf,2025
2025-05-26,1081,MODERADO,35421.0,85178.0,288148.0,597917.0,0,NO,,,,,,,,,,,,,,,,,SARGAZO_1081_26_MAYO_2025.pdf,2025
2025-05-27,1082,MODERADO,24043.0,85606.0,290634.0,595262.0,0,NO,,,,,,,,,,,,,,,,,SARGAZO_1082_27_MAYO_2025.pdf,2025
2025-05-28,1083,MODERADO,31487.0,83156.0,252884.0,541633.0,0,NO,,,,,,,,,,,,,,,,,SARGAZO_1083_28_MAYO_2025.pdf,2025
2025-05-29,1084,MODERADO,32382.0,68371.0,258962.0,525168.0,0,NO,,,,,,,,,,,,,,,,,SARGAZO_1084_29_MAYO_2025.pdf,2025
2025-05-30,1085,MODERADO,31434.0,70259.0,190961.0,449836.0,0,NO,,,,,,,,,,,,,,,,,SARGAZO_1085_30_MAYO_2025.pdf,2025
2025-05-31,1086,MODERADO,30993.0,68367.0,191712.0,419818.0,0,NO,,,,,,,,,,,,,,,,,SARGAZO_1086_31_MAYO_2025.pdf,2025
2025-06-01,1087,MODERADO,30993.0,68367.0,191712.0,419818.0,0,NO,,,,,,,,,,,,,,,,,SARGAZO_1087_01_JUNIO_2025.pdf,2025
2025-06-02,1088,MODERADO,27211.0,78772.0,119023.0,378019.0,0,NO,,,,,,,,,,,,,,,,,SARGAZO_1088_02_JUNIO_2025.pdf,2025
2025-06-03,1089,ALTO,43911.0,10993.0,120219.0,302847.0,0,NO,,,,,,,,,,,,,,,,,SARGAZO_1089_03_JUNIO_2025.pdf,2025
2025-06-04,1090,ALTO,38540.0,65676.0,172145.0,487345.0,0,NO,,,,,,,,,,,,,,,,,SARGAZO_1090_04_JUNIO_2025.pdf,2025
2025-06-05,1091,ALTO,37062.0,66408.0,274582.0,642317.0,0,NO,,,,,,,,,,,,,,,,,SARGAZO_1091_05_JUNIO_2025.pdf,2025
2025-06-06,1092,ALTO,37216.0,72075.0,265040.0,692727.0,0,NO,,,,,,,,,,,,,,,,,SARGAZO_1092_06_JUNIO_2025.pdf,2025
2025-06-07,1093,ALTO,41076.0,79366.0,357530.0,744561.0,0,NO,,,,,,,,,,,,,,,,,SARGAZO_1093_07_JUNIO_2025.pdf,2025
2025-06-08,1094,ALTO,40025.0,43913.0,353491.0,751132.0,0,NO,,,,,,,,,,,,,,,,,SARGAZO_1094_08_JUNIO_2025.pdf,2025
2025-06-09,1095,ALTO,36038.0,48603.0,348519.0,749901.0,0,NO,,,,,,,,,,,,,,,,,SARGAZO_1095_09_JUNIO_2025.pdf,2025
2025-06-10,1096,ALTO,34526.0,45267.0,350343.0,798533.0,0,NO,,,,,,,,,,,,,,,,,SARGAZO_1096_10_JUNIO_2025.pdf,2025
2025-06-11,1097,MODERADO,34711.0,57781.0,332251.0,707202.0,0,NO,,,,,,,,,,,,,,,,,SARGAZO_1097_11_JUNIO_2025.pdf,2025
2025-06-12,1098,ALTO,37599.0,57510.0,289035.0,564814.0,0,NO,,,,,,,,,,,,,,,,,SARGAZO_1098_12_JUNIO_2025.pdf,2025
2025-06-13,1099,ALTO,37599.0,57510.0,,,0,NO,,,,,,,,,,,,,,,,,SARGAZO_1099_13_JUNIO_2025.pdf,2025
2025-06-16,1101,ALTO,37599.0,57510.0,289035.0,564814.0,0,NO,,,,,,,,,,,,,,,,,SARGAZO_1101_16_JUNIO_2025.pdf,2025
2025-06-17,1102,ALTO,37599.0,57510.0,289035.0,564814.0,0,NO,,,,,,,,,,,,,,,,,SARGAZO_1102_17_JUNIO_2025.pdf,2025
2025-06-18,1103,ALTO,42073.0,61333.0,207673.0,678250.0,0,NO,,,,,,,,,,,,,,,,,SARGAZO_1103_18_JUNIO_2025.pdf,2025
2025-06-20,1105,ALTO,32501.0,63996.0,210320.0,711229.0,0,NO,,,,,,,,,,,,,,,,,SARGAZO_1105_20_JUNIO_2025.pdf,2025
2025-06-21,1106,ALTO,32201.0,64002.0,173674.0,706311.0,0,NO,,,,,,,,,,,,,,,,,SARGAZO_1106_21_JUNIO_2025.pdf,2025
2025-06-22,1107,ALTO,30498.0,58117.0,231725.0,715380.0,0,NO,,,,,,,,,,,,,,,,,SARGAZO_1107_22_JUNIO_2025.pdf,2025
2025-06-23,1108,ALTO,16691.0,43970.0,235451.0,619808.0,0,NO,,,,,,,,,,,,,,,,,SARGAZO_1108_23_JUNIO_2025.pdf,2025
2025-06-24,1109,ALTO,14032.0,36610.0,218577.0,511320.0,0,NO,,,,,,,,,,,,,,,,,SARGAZO_1109_24_JUNIO_2025.pdf,2025
2025-06-25,1110,ALTO,19950.0,52166.0,212770.0,474146.0,0,NO,,,,,,,,,,,,,,,,,SARGAZO_1110_25_JUNIO_2025.pdf,2025
2025-06-26,1111,ALTO,20364.0,51975.0,202265.0,453996.0,0,NO,,,,,,,,,,,,,,,,,SARGAZO_1111_26_JUNIO_2025.pdf,2025
2025-06-27,1112,ALTO,19834.0,44191.0,271135.0,564979.0,0,NO,,,,,,,,,,,,,,,,,SARGAZO_1112_27_JUNIO_2025.pdf,2025
2025-06-28,1113,ALTO,19868.0,43459.0,322287.0,541965.0,0,NO,,,,,,,,,,,,,,,,,SARGAZO_1113_28_JUNIO_2025.pdf,2025
2025-06-29,1114,ALTO,16648.0,43879.0,276228.0,474910.0,0,NO,,,,,,,,,,,,,,,,,SARGAZO_1114_29_JUNIO_2025.pdf,2025
2025-06-30,1115,ALTO,30070.0,51979.0,281036.0,554930.0,0,NO,,,,,,,,,,,,,,,,,SARGAZO_1115_30_JUNIO_2025.pdf,2025
2025-07-01,1116,ALTO,26374.0,61639.0,295707.0,632580.0,0,NO,,,,,,,,,,,,,,,,,SARGAZO_1116_01_JULIO_2025.pdf,2025
2025-07-02,1117,ALTO,50168.0,60639.0,358285.0,741520.0,0,NO,,,,,,,,,,,,,,,,,SARGAZO_1117_02_JULIO_2025.pdf,2025
2025-07-03,1118,ALTO,52445.0,61746.0,400783.0,778252.0,0,NO,,,,,,,,,,,,,,,,,SARGAZO_1118_03_JULIO_2025.pdf,2025
2025-07-04,1119,ALTO,56648.0,78089.0,404226.0,738870.0,0,NO,,,,,,,,,,,,,,,,,SARGAZO_1119_04_JULIO_2025.pdf,2025
2025-07-06,1121,ALTO,82699.0,99518.0,424929.0,760194.0,0,NO,,,,,,,,,,,,,,,,,SARGAZO_1121_06_JULIO_2025.pdf,2025
2025-07-07,1122,ALTO,78978.0,99387.0,431383.0,777788.0,0,NO,,,,,,,,,,,,,,,,,SARGAZO_1122_07_JULIO_2025.pdf,2025
2025-07-08,1123,ALTO,79571.0,97880.0,445151.0,774949.0,0,NO,,,,,,,,,,,,,,,,,SARGAZO_1123_08_JULIO_2025.pdf,2025
2025-07-09,1124,ALTO,74342.0,99291.0,420697.0,735927.0,0,NO,,,,,,,,,,,,,,,,,SARGAZO_1124_09_JULIO_2025.pdf,2025
2025-07-10,1125,ALTO,74342.0,99291.0,420697.0,735927.0,0,NO,,,,,,,,,,,,,,,,,SARGAZO_1125_10_JULIO_2025.pdf,2025
2025-07-11,1126,ALTO,74342.0,99291.0,420697.0,735927.0,0,NO,,,,,,,,,,,,,,,,,SARGAZO_1126_11_JULIO_2025.pdf,2025
2025-07-12,1127,ALTO,74342.0,99291.0,420697.0,735927.0,0,NO,,,,,,,,,,,,,,,,,SARGAZO_1127_12_JULIO_2025.pdf,2025
2025-07-14,1129,ALTO,74342.0,99291.0,420697.0,735927.0,0,NO,,,,,,,,,,,,,,,,,SARGAZO_1129_14_JULIO_2025.pdf,2025
2025-07-15,1130,ALTO,74342.0,99291.0,420697.0,735927.0,0,NO,,,,,,,,,,,,,,,,,SARGAZO_1130_15_JULIO_2025.pdf,2025
2025-07-16,1131,ALTO,74342.0,99291.0,420697.0,735927.0,0,NO,,,,,,,,,,,,,,,,,SARGAZO_1131_16_JULIO_2025.pdf,2025
2025-07-17,1132,ALTO,,,420697.0,735927.0,4,NO,,,,,,,,,,,,,,,,,SARGAZO_1132_17_JULIO_2025.pdf,2025
2025-07-18,1133,ALTO,,,420697.0,735927.0,4,NO,,,,,,,,,,,,,,,,,SARGAZO_1133_18_JULIO_2025.pdf,2025
2025-07-19,1134,ALTO,,,420697.0,735927.0,4,NO,,,,,,,,,,,,,,,,,SARGAZO_1134_19_JULIO_2025.pdf,2025
2025-07-20,1135,ALTO,,,420697.0,735927.0,4,NO,,,,,,,,,,,,,,,,,SARGAZO_1135_20_JULIO_2025.pdf,2025
2025-07-21,1136,ALTO,,,420697.0,735927.0,4,NO,,,,,,,,,,,,,,,,,SARGAZO_1136_21_JULIO_2025.pdf,2025
2025-07-22,1137,ALTO,,,,,1,NO,,,,,,,,,,,,,,,,,SARGAZO_1137_22_JULIO_2025.pdf,2025
2025-07-23,1138,ALTO,,,,,3,SI,,,,,,,,,,,,,,,,,SARGAZO_1138_23_JULIO_2025.pdf,2025
2025-07-24,1139,MODERADO,,,,,3,SI,,,,,,,,,,,,,,,,,SARGAZO_1139_24_JULIO_2025.pdf,2025
2025-07-25,1140,MODERADO,,,,,7,SI,,,,,,,,,,,,,,,,,SARGAZO_1140_25_JULIO_2025.pdf,2025
2025-07-26,1141,MODERADO,,,,,3,SI,,,,,,,,,,,,,,,,,SARGAZO_1141_26_JULIO_2025.pdf,2025
2025-07-27,1142,MODERADO,,,,,1,NO,,,,,,,,,,,,,,,,,SARGAZO_1142_27_JULIO_2025.pdf,2025
2025-07-28,1143,MODERADO,,,,,3,SI,,,,,,,,,,,,,,,,,SARGAZO_1143_28_JULIO_2025.pdf,2025
2025-07-29,1144,MODERADO,,,,,0,NO,,,,,,,,,,,,,,,,,SARGAZO_1144_29_JULIO_2025.pdf,2025
2025-07-30,1145,MODERADO,,,,,0,NO,,,,,,,,,,,,,,,,,SARGAZO_1145_30_JULIO_2025.pdf,2025
2025-07-31,1146,MODERADO,,,,,4,NO,,,,,,,,,,,,,,,,,SARGAZO_1146_31_JULIO_2025.pdf,2025
2025-08-01,1147,MODERADO,,,,,0,NO,,,,,,,,,,,,,,,,,SARGAZO_1147_01_AGOSTO_2025.pdf,2025
2025-08-02,1148,MODERADO,,,,,2,NO,,,,,,,,,,,,,,,,,SARGAZO_1148_02_AGOSTO_2025.pdf,2025
2025-08-03,1149,MODERADO,,,,,3,NO,,,,,,,,,,,,,,,,,SARGAZO_1149_03_AGOSTO_2025.pdf,2025
2025-08-04,1150,MODERADO,,,,,2,NO,,,,,,,,,,,,,,,,,SARGAZO_1150_04_AGOSTO_2025.pdf,2025
2025-08-05,1151,MODERADO,,,,,2,NO,,,,,,,,,,,,,,,,,SARGAZO_1151_05_AGOSTO_2025.pdf,2025
2025-08-06,1152,MODERADO,,,,,3,NO,,,,,,,,,,,,,,,,,SARGAZO_1152_06_AGOSTO_2025.pdf,2025
2025-08-07,1153,MODERADO,,,,,3,NO,,,,,,,,,,,,,,,,,SARGAZO_1153_07_AGOSTO_2025.pdf,2025
2025-08-08,1154,MODERADO,,,,,3,NO,,,,,,,,,,,,,,,,,SARGAZO_1154_08_AGOSTO_2025.pdf,2025
2025-08-09,1155,MODERADO,,,,,0,NO,,,,,,,,,,,,,,,,,SARGAZO_1155_09_AGOSTO_2025.pdf,2025
2025-08-10,1156,MODERADO,,,,,3,NO,,,,,,,,,,,,,,,,,SARGAZO_1156_10_AGOSTO_2025.pdf,2025
2025-08-11,1157,MODERADO,,,,,3,NO,,,,,,,,,,,,,,,,,SARGAZO_1157_11_AGOSTO_2025.pdf,2025
2025-08-12,1158,MODERADO,,,,,0,NO,,,,,,,,,,,,,,,,,SARGAZO_1158_12_AGOSTO_2025.pdf,2025
2025-08-13,1159,MODERADO,,,,,2,NO,,,,,,,,,,,,,,,,,SARGAZO_1159_13_AGOSTO_2025.pdf,2025
2025-08-14,1160,MODERADO,,,,,2,NO,,,,,,,,,,,,,,,,,SARGAZO_1160_14_AGOSTO_2025.pdf,2025
2025-08-15,1161,MODERADO,,,,,2,NO,,,,,,,,,,,,,9,este,7,este,SARGAZO_1161_15_AGOSTO_2025.pdf,2025
2025-08-16,1162,MODERADO,,,,,3,NO,,,,,,,,,,,,,11,este,6,este,SARGAZO_1162_16_AGOSTO_2025.pdf,2025
2025-08-17,1163,MODERADO,,,,,2,NO,,,,,,,,,,,,,14,este,8,este,SARGAZO_1163_17_AGOSTO_2025.pdf,2025
2025-08-18,1164,MODERADO,,,,,2,NO,,,,,,,,,,,,,4,este,7,este,SARGAZO_1164_18_AGOSTO_2025.pdf,2025
2025-08-19,1165,MODERADO,,,,,2,NO,,,,,,,,,,,,,4,este,7,este,SARGAZO_1165_19_AGOSTO_2025.pdf,2025
2025-08-20,1166,MODERADO,,,,,2,NO,,,,,,,,,,,,,5,este,1,este,SARGAZO_1166_20_AGOSTO_2025.pdf,2025
2025-08-21,1167,MODERADO,,,,,2,NO,,,,,,,,,,,,,6,este,11,este,SARGAZO_1167_21_AGOSTO_2025.pdf,2025
2025-08-22,1168,MODERADO,,,,,2,NO,,,,,,,,,,,,,12,sureste,13,este,SARGAZO_1168_22_AGOSTO_2025.pdf,2025
2025-08-23,1169,MODERADO,,,,,3,NO,,,,,,,,,,,,,7,sureste,10,este,SARGAZO_1169_23_AGOSTO_2025.pdf,2025
2025-08-24,1170,MODERADO,,,,,2,NO,,,,,,,,,,,,,8,sureste,10,este,SARGAZO_1170_24_AGOSTO_2025.pdf,2025
2025-08-25,1171,MODERADO,,,,,0,NO,,,,,,,,,,,,,12,este,13,este,SARGAZO_1171_25_AGOSTO_2025.pdf,2025
2025-08-26,1172,MODERADO,39965.0,24593.0,161936.0,101731.0,0,NO,,,,,,,,,,,,,11,este,13,noreste,SARGAZO_1172_26_AGOSTO_2025.pdf,2025
2025-08-27,1173,MODERADO,38585.0,20617.0,168938.0,121800.0,0,NO,,,,,,,,,,,,,11,este,15,noreste,SARGAZO_1173_27_AGOSTO_2025.pdf,2025
2025-08-28,1174,MODERADO,,,,,1,NO,,,,,,,,,,,,,13,este,12,noreste,SARGAZO_1174_28_AGOSTO_2025.pdf,2025
2025-08-29,1175,MODERADO,,,,,3,NO,,,,,,,,,,,,,8,sureste,9,sureste,SARGAZO_1175_29_AGOSTO_2025.pdf,2025
2025-08-30,1176,MODERADO,,,,,3,NO,,,,,,,,,,,,,7-11,sureste,6-11,este,SARGAZO_1176_30_AGOSTO_2025.pdf,2025
2025-08-31,1177,MODERADO,24743.0,10514.0,214099.0,116476.0,3,NO,,,,,,,,,,,,,6-9,sur,9-12,sureste,SARGAZO_1177_31_AGOSTO_2025.pdf,2025
2025-09-01,1178,MODERADO,34625.0,11511.0,217764.0,113765.0,3,NO,,,,,,,,,,,,,3-5,este,6-8,sureste,SARGAZO_1178_01_SEPTIEMBRE_2025.pdf,2025
2025-09-02,1179,MODERADO,39954.0,10858.0,222980.0,110283.0,6,SI,,,,,,,,,,,,,1-3,norte,4-6,noreste,SARGAZO_1179_02_SEPTIEMBRE_2025.pdf,2025
2025-09-03,1180,MODERADO,39621.0,12452.0,220940.0,95439.0,6,SI,,,,,,,,,,,,,3-7,sur,6-7,este,SARGAZO_1180_03_SEPTIEMBRE_2025.pdf,2025
2025-09-04,1181,MODERADO,40219.0,13914.0,214207.0,85609.0,7,SI,,,,,,,,,,,,,4-9,suroeste,4-8,sur,SARGAZO_1181_04_SEPTIEMBRE_2025.pdf,2025
2025-09-05,1182,MODERADO,43628.0,14175.0,216163.0,86046.0,6,SI,,,,,,,,,,,,,2-8,sur,7-9,sureste,SARGAZO_1182_05_SEPTIEMBRE_2025.pdf,2025
2025-09-06,1183,MODERADO,44431.0,13580.0,200740.0,83257.0,6,SI,,,,,,,,,,,,,5-7,sur,7-9,sureste,SARGAZO_1183_06_SEPTIEMBRE_2025.pdf,2025
2025-09-07,1184,MODERADO,44498.0,12705.0,182991.0,80324.0,6,SI,,,,,,,,,,,,,4-8,sureste,6-9,este,SARGAZO_1184_07_SEPTIEMBRE_2025.pdf,2025
2025-09-08,1185,MODERADO,,,,,6,SI,,,,,,,,,,,,,2-6,sureste,6-10,este,SARGAZO_1185_08_SEPTIEMBRE_2025.pdf,2025
2025-09-09,1186,MODERADO,35994.0,11591.0,160965.0,59689.0,7,SI,,,,,,,,,,,,,4-7,sureste,8-9,este,SARGAZO_1186_09_SEPTIEMBRE_2025.pdf,2025
2025-09-10,1187,MODERADO,34729.0,10039.0,160175.0,58110.0,7,SI,,,,,,,,,,,,,9-13,sureste,11-15,este,SARGAZO_1187_10_SEPTIEMBRE_2025.pdf,2025
2025-09-11,1188,MODERADO,31337.0,13914.0,166241.0,57730.0,1,SI,0.4,norte,0.7,norte,0.5,norte,1.8,noreste,1.9,noreste,,,3-6,sureste,8-13,este,SARGAZO_1188_11_SEPTIEMBRE_2025.pdf,2025
2025-09-12,1189,MODERADO,25952.0,7602.0,152376.0,52580.0,4,SI,0.3,norte,0.6,norte,0.3,norte,1.8,noreste,1.7,noreste,,,3-4,noreste,4-6,este,SARGAZO_1189_12_SEPTIEMBRE_2025.pdf,2025
2025-09-13,1190,MODERADO,21179.0,10421.0,142040.0,57341.0,4,NO,0.1,norte,0.6,norte,0.2,norte,1.8,noreste,1.7,noreste,0.3,noreste,1-6,este,4-8,noreste,SARGAZO_1190_13_SEPTIEMBRE_2025.pdf,2025
2025-09-14,1191,MODERADO,19440.0,14224.0,146409.0,50457.0,4,SI,0.1,sureste,0.6,norte,0.3,norte,1.8,noreste,1.7,noreste,0.3,noreste,3-5,norte,6-9,noreste,SARGAZO_1191_14_SEPTIEMBRE_2025.pdf,2025
2025-09-15,1192,MODERADO,18499.0,15465.0,146338.0,51507.0,8,SI,0.4,norte,0.7,norte,0.2,norte,1.7,noreste,1.6,noreste,,,3-6,este,6-7,este,SARGAZO_1192_15_SEPTIEMBRE_2025.pdf,2025
2025-09-16,1193,MODERADO,12578.0,7602.0,139976.0,54879.0,1,SI,0.4,norte,0.7,norte,0.5,norte,1.6,noreste,1.6,noreste,,,6-11,este,9-12,este,SARGAZO_1193_16_SEPTIEMBRE_2025.pdf,2025
2025-09-17,1194,MODERADO,9808.0,14598.0,121416.0,52538.0,1,SI,0.3,norte,0.7,norte,0.5,norte,1.5,noreste,1.5,noreste,,,5-9,este,7-9,este,SARGAZO_1194_17_SEPTIEMBRE_2025.pdf,2025
2025-09-18,1195,MODERADO,6429.0,12848.0,107403.0,51439.0,1,SI,0.1,noroeste,0.8,norte,0.2,norte,,,1.7,noreste,0.8,norte,4-5,este,6-7,este,SARGAZO_1195_18_SEPTIEMBRE_2025.pdf,2025
2025-09-19,1196,BAJO,6657.0,17111.0,100367.0,50393.0,1,SI,0.1,noroeste,0.7,norte,0.3,norte,,,1.5,noreste,0.7,norte,4-6,este,3-6,este,SARGAZO_1196_19_SEPTIEMBRE_2025.pdf,2025
2025-09-20,1197,BAJO,4718.0,7012.0,99476.0,46323.0,1,SI,0.3,noroeste,0.8,norte,0.4,norte,,,1.5,noreste,0.9,norte,3-6,este,5-7,este,SARGAZO_1197_20_SEPTIEMBRE_2025.pdf,2025
2025-09-21,1198,BAJO,3763.0,21084.0,103388.0,42800.0,2,NO,0.4,noroeste,0.8,norte,0.5,norte,,,1.7,noreste,0.8,norte,4-7,este,7-8,este,SARGAZO_1198_21_SEPTIEMBRE_2025.pdf,2025
2025-09-22,1199,BAJO,3036.0,18987.0,104484.0,39764.0,4,NO,0.1,noroeste,0.8,norte,0.3,norte,,,1.9,noreste,0.5,norte,6-9,este,6-8,este,SARGAZO_1199_22_SEPTIEMBRE_2025.pdf,2025
2025-09-23,1200,BAJO,2139.0,18746.0,99573.0,32045.0,1,SI,0.3,norte,0.9,norte,0.4,norte,1.9,noreste,1.6,noreste,0.5,norte,5-6,sureste,8-12,este,SARGAZO_1200_23_SEPTIEMBRE_2025.pdf,2025
2025-09-24,1201,BAJO,2081.0,18958.0,95502.0,29260.0,1,SI,0.3,noroeste,0.8,norte,0.5,norte,,,1.6,noreste,0.6,norte,5-7,este,7-10,este,SARGAZO_1201_24_SEPTIEMBRE_2025.pdf,2025
2025-09-25,1202,BAJO,2303.0,19317.0,93227.0,26072.0,2,NO,0.3,oeste,0.7,norte,0.3,norte,1.7,noreste,1.6,noreste,0.6,norte,5-7,este,7-9,este,SARGAZO_1202_25_SEPTIEMBRE_2025.pdf,2025
2025-09-26,1203,BAJO,2422.0,19174.0,91932.0,24670.0,2,NO,0.1,oeste,0.7,norte,0.3,norte,1.9,noreste,1.9,noreste,0.5,norte,5-6,este,4--6,este,SARGAZO_1203_26_SEPTIEMBRE_2025.pdf,2025
2025-09-27,1204,BAJO,2636.0,18881.0,81915.0,26962.0,3,NO,0.3,noreste,0.7,norte,0.4,noreste,2.0,noreste,1.8,noreste,0.2,norte,3-4,este,,,SARGAZO_1204_27_SEPTIEMBRE_2025.pdf,2025
2025-09-28,1205,BAJO,2502.0,19002.0,76830.0,26628.0,3,NO,0.2,oeste,0.7,norte,0.4,norte,2.1,noreste,1.7,noreste,0.2,noroeste,4-6,norte,5-7,este,SARGAZO_1205_28_SEPTIEMBRE_2025.pdf,2025
2025-09-29,1206,BAJO,2457.0,20662.0,62051.0,23816.0,3,NO,0.3,sureste,0.6,norte,0.3,norte,2.0,noreste,2.0,noreste,0.2,sureste,1-4,este,1-5,este,SARGAZO_1206_29_SEPTIEMBRE_2025.pdf,2025
2025-09-30,1207,BAJO,2377.0,21663.0,61925.0,24267.0,3,NO,0.5,sureste,0.8,norte,0.4,norte,1.8,noreste,1.6,noreste,0.5,sureste,4-5,este,3-5,este,SARGAZO_1207_30_SEPTIEMBRE_2025.pdf,2025
2025-10-01,1208,BAJO,2304.0,22298.0,63406.0,25101.0,5,NO,0.2,noreste,0.7,norte,0.5,norte,2.0,noreste,2.0,noreste,0.4,noreste,2-4,este,1-4,sureste,SARGAZO_1208_01_OCTUBRE_2025.pdf,2025
2025-10-03,1210,BAJO,1671.0,17241.0,55992.0,25887.0,6,NO,0.2,noroeste,0.6,norte,0.5,norte,,,1.7,noreste,0.5,norte,5-10,noreste,5-8,este,SARGAZO_1210_03_OCTUBRE_2025.pdf,2025
2025-10-06,1213,BAJO,909.0,8384.0,49394.0,22484.0,4,NO,0.4,noreste,0.7,norte,0.7,norte,1.7,noreste,1.5,noreste,0.9,norte,12-17,este,13-19,este,SARGAZO_1213_06_OCTUBRE_2025.pdf,2025
2025-10-07,1214,BAJO,485.0,9693.0,46904.0,21255.0,3,NO,0.2,noreste,0.7,norte,0.4,norte,1.7,noreste,1.9,noreste,0.9,norte,9-12,este,12-15,este,SARGAZO_1214_07_OCTUBRE_2025.pdf,2025
2025-10-08,1215,BAJO,396.0,7154.0,42923.0,21255.0,3,NO,0.5,noreste,0.5,norte,0.4,norte,1.7,noreste,1.7,noreste,0.9,norte,5-7,este,8-13,este,SARGAZO_1215_08_OCTUBRE_2025.pdf,2025
2025-10-09,1216,BAJO,326.0,5864.0,40372.0,16336.0,3,NO,0.1,oeste,0.2,norte,0.5,norte,1.8,noreste,1.7,noreste,0.8,norte,3-6,este,2-7,este,SARGAZO_1216_09_OCTUBRE_2025.pdf,2025
2025-10-10,1217,BAJO,316.0,5305.0,35333.0,13875.0,3,NO,0.3,sureste,0.2,noreste,0.4,norte,,,1.7,noreste,0.3,noreste,10-7,norte,7-6,noroeste,SARGAZO_1217_10_OCTUBRE_2025.pdf,2025
2025-10-11,1218,BAJO,279.0,4924.0,32293.0,12004.0,2,NO,0.1,oeste,0.1,suroeste,0.5,norte,,,2.0,noreste,0.4,norte,8-11,norte,2-7,este,SARGAZO_1218_11_OCTUBRE_2025.pdf,2025
2025-10-12,1219,BAJO,165.0,4803.0,30897.0,10433.0,1,NO,0.3,oeste,0.1,suroeste,0.3,norte,,,1.9,noreste,0.2,norte,4-6,norte,1-4,este,SARGAZO_1219_12_OCTUBRE_2025.pdf,2025
2025-10-13,1220,BAJO,157.0,4437.0,27434.0,6420.0,1,NO,0.2,sureste,0.1,norte,0.2,norte,1.9,noreste,1.6,noreste,0.2,sur,4-8,norte,2-8,norte,SARGAZO_1220_13_OCTUBRE_2025.pdf,2025
2025-10-14,1221,BAJO,154.0,4140.0,23735.0,5444.0,1,NO,0.3,sur,0.1,este,0.3,norte,,,1.3,noreste,0.3,suroeste,11-15,noreste,4-7,norte,SARGAZO_1221_14_OCTUBRE_2025.pdf,2025
2025-10-16,1223,BAJO,157.0,3957.0,23342.0,6569.0,1,NO,0.2,sur,0.2,sur,0.2,norte,,,1.4,noreste,0.2,norte,5-6,noroeste,5-6,norte,SARGAZO_1223_16_OCTUBRE_2025.pdf,2025
2025-10-17,1224,BAJO,85.0,3957.0,20254.0,6422.0,0,NO,0.1,sur,0.1,noreste,0.3,norte,1.7,noreste,1.5,noreste,0.5,norte,5-7,noroeste,7-9,norte,SARGAZO_1224_17_OCTUBRE_2025.pdf,2025
2025-10-18,1225,BAJO,79.0,4282.0,18333.0,6403.0,0,NO,0.1,oeste,0.2,norte,0.4,norte,1.8,norte,1.6,noreste,0.8,norte,7-12,noroeste,1-4,norte,SARGAZO_1225_18_OCTUBRE_2025.pdf,2025
2025-10-19,1226,BAJO,100.0,3870.0,16722.0,5962.0,0,NO,0.2,sur,0.1,norte,0.4,norte,,,1.5,noreste,0.6,norte,3-1,este,1-4,este,SARGAZO_1226_19_OCTUBRE_2025.pdf,2025
2025-10-20,1227,BAJO,92.0,3902.0,15399.0,6157.0,0,NO,0.2,sur,0.2,norte,0.3,norte,,,1.5,noreste,0.9,norte,7-9,este,6-8,este,SARGAZO_1227_20_OCTUBRE_2025.pdf,2025
2025-10-21,1228,BAJO,118.0,3600.0,14349.0,6203.0,5,NO,0.2,suroeste,0.2,norte,0.3,norte,,,1.6,noreste,0.9,norte,4-7,este,2-7,este,SARGAZO_1228_21_OCTUBRE_2025.pdf,2025
2025-10-22,1229,BAJO,135.0,3135.0,13078.0,4898.0,5,NO,0.2,sur,0.1,norte,0.3,norte,,,1.5,noreste,0.8,norte,9-11,este,5-12,este,SARGAZO_1229_22_OCTUBRE_2025.pdf,2025
2025-10-23,1230,BAJO,144.0,2270.0,12182.0,5833.0,4,NO,0.4,suroeste,0.1,noroeste,0.2,norte,,,1.4,noreste,0.8,norte,10-15,este,16-18,este,SARGAZO_1230_23_OCTUBRE_2025.pdf,2025
2025-10-24,1231,BAJO,134.0,1004.0,10297.0,6470.0,4,NO,0.4,suroeste,0.2,norte,0.1,norte,,,1.2,noreste,0.9,norte,15-17,norte,13-16,noreste,SARGAZO_1231_24_OCTUBRE_2025.pdf,2025
2025-10-25,1232,BAJO,114.0,403.0,5520.0,6702.0,4,NO,0.1,sur,0.3,norte,0.2,norte,,,0.9,noreste,0.9,norte,8-11,noreste,5-7,noreste,SARGAZO_1232_25_OCTUBRE_2025.pdf,2025
2025-10-26,1233,BAJO,112.0,203.0,4108.0,7058.0,4,NO,0.1,oeste,0.4,norte,0.2,norte,0.9,norte,0.9,noreste,0.8,norte,4-11,norte,6-10,noreste,SARGAZO_1233_26_OCTUBRE_2025.pdf,2025
2025-10-27,1234,BAJO,122.0,202.0,4108.0,7516.0,5,NO,7.0,noroeste,5.0,norte,5.0,norte,6.0,norte,9.0,norte,10.0,norte,6-11,norte,5-11,norte,SARGAZO_1234_27_OCTUBRE_2025.pdf,2025
2025-10-28,1235,BAJO,44.0,142.0,1018.0,7513.0,1,NO,0.1,noreste,0.4,norte,0.2,noreste,0.8,noreste,0.8,noreste,0.3,norte,8-12,norte,7-14,norte,SARGAZO_1235_28_OCTUBRE_2025.pdf,2025
2025-10-29,1236,BAJO,21.0,44.0,1533.0,7223.0,0,NO,0.1,este,0.6,norte,0.2,noreste,0.9,noreste,0.8,noreste,0.3,noreste,10-16,norte,8-15,norte,SARGAZO_1236_29_OCTUBRE_2025.pdf,2025
2025-10-30,1237,BAJO,20.0,42.0,1748.0,5382.0,2,NO,0.1,norte,0.7,norte,0.2,norte,0.9,noreste,0.8,noreste,0.5,sureste,15-16,noreste,13-15,norte,SARGAZO_1237_30_OCTUBRE_2025.pdf,2025
2025-10-31,1238,BAJO,17.0,154.0,2134.0,5828.0,2,NO,0.2,norte,0.7,norte,0.1,norte,0.8,noreste,0.6,noreste,0.3,noreste,,,10-9,norte,SARGAZO_1238_31_OCTUBRE_2025.pdf,2025
2025-11-01,1239,BAJO,17.0,162.0,2424.0,6587.0,2,NO,0.2,norte,0.7,norte,0.1,noroeste,1.1,noreste,1.1,noreste,0.4,noreste,,,8-11,este,SARGAZO_1239_01_NOVIEMBRE_2025.pdf,2025
2025-11-02,1240,BAJO,16.0,163.0,2420.0,6580.0,1,NO,0.2,norte,0.6,norte,0.1,noroeste,1.0,noreste,1.0,noreste,0.3,noreste,11-12,norte,9-11,noreste,SARGAZO_1240_02_NOVIEMBRE_2025.pdf,2025
2025-11-03,1241,BAJO,21.0,236.0,2325.0,9890.0,1,NO,0.1,norte,0.8,norte,0.1,norte,1.0,noreste,0.9,norte,0.2,noroeste,3-9,noroeste,6-12,noreste,SARGAZO_1241_03_NOVIEMBRE_2025.pdf,2025
2025-11-04,1242,BAJO,17.0,237.0,2840.0,10680.0,2,NO,0.1,norte,,,0.1,sureste,0.1,oeste,0.1,norte,0.1,noroeste,,,11-6,norte,SARGAZO_1242_04_NOVIEMBRE_2025.pdf,2025
2025-11-05,1243,BAJO,15.0,198.0,3271.0,12084.0,0,NO,0.5,norte,0.8,norte,0.2,norte,1.1,noreste,1.1,noreste,0.8,noroeste,,,,,SARGAZO_1243_05_NOVIEMBRE_2025.pdf,2025
2025-11-06,1244,BAJO,37.0,186.0,3249.0,12070.0,0,NO,0.2,norte,0.7,norte,0.3,norte,1.4,norte,1.2,noreste,0.7,norte,3-8,sureste,3-4,sureste,SARGAZO_1244_06_NOVIEMBRE_2025.pdf,2025
2025-11-07,1245,BAJO,39.0,128.0,3175.0,11553.0,0,NO,0.4,norte,0.7,norte,0.4,norte,1.2,noreste,1.2,noreste,0.6,noreste,,,,,SARGAZO_1245_07_NOVIEMBRE_2025.pdf,2025
2025-11-08,1246,BAJO,36.0,119.0,2771.0,11604.0,0,NO,0.1,sureste,0.7,norte,0.4,norte,1.3,norte,1.2,noreste,0.6,norte,,,,,SARGAZO_1246_08_NOVIEMBRE_2025.pdf,2025
2025-11-09,1247,BAJO,37.0,75.0,2826.0,9747.0,0,NO,0.1,este,0.1,sur,0.1,este,0.1,oeste,0.1,oeste,0.1,oeste,,,,,SARGAZO_1247_09_NOVIEMBRE_2025.pdf,2025
2025-11-10,1248,BAJO,21.0,78.0,2861.0,13210.0,0,NO,0.1,noroeste,0.5,norte,0.1,norte,0.6,noreste,0.6,noreste,0.2,sur,,,,,SARGAZO_1248_10_NOVIEMBRE_2025.pdf,2025
2025-11-11,1249,BAJO,46.0,73.0,2751.0,12522.0,6,NO,0.2,suroeste,0.2,sur,0.3,oeste,0.2,oeste,0.3,sur,0.3,oeste,17-22,norte,21-28,norte,SARGAZO_1249_11_NOVIEMBRE_2025.pdf,2025
2025-11-12,1250,BAJO,42.0,75.0,2372.0,15278.0,7,NO,0.4,suroeste,0.1,norte,0.0,noroeste,0.5,norte,0.5,noreste,0.4,norte,,,,,SARGAZO_1250_12_NOVIEMBRE_2025.pdf,2025
2025-11-13,1251,BAJO,33.0,50.0,2192.0,16873.0,9,NO,0.3,noreste,0.6,norte,0.1,oeste,0.9,noreste,0.9,noreste,0.4,norte,,,,,SARGAZO_1251_13_NOVIEMBRE_2025.pdf,2025
2025-11-14,1252,BAJO,33.0,41.0,2420.0,19202.0,7,NO,0.3,noreste,0.8,norte,0.0,oeste,0.9,norte,0.7,noreste,0.1,norte,13-17,noreste,13-18,noreste,SARGAZO_1252_14_NOVIEMBRE_2025.pdf,2025
2025-11-16,1254,BAJO,46.0,49.0,4316.0,19530.0,8,NO,0.2,noreste,0.8,norte,0.2,norte,0.9,norte,0.8,norte,0.4,norte,,,,,SARGAZO_1254_16_NOVIEMBRE_2025.pdf,2025
2025-11-17,1255,BAJO,55.0,102.0,4600.0,21000.0,1,NO,0.2,norte,0.9,norte,0.2,noroeste,0.9,noreste,0.7,noreste,0.4,norte,,,8-12,este,SARGAZO_1255_17_NOVIEMBRE_2025.pdf,2025
2025-11-18,1256,BAJO,50.0,97.0,4994.0,22554.0,1,NO,0.4,norte,0.8,norte,0.2,oeste,0.8,norte,0.8,noreste,0.9,norte,8-10,noreste,10-12,este,SARGAZO_1256_18_NOVIEMBRE_2025.pdf,2025
2025-11-19,1257,BAJO,34.0,84.0,5006.0,22134.0,1,NO,0.3,norte,0.6,norte,0.2,oeste,0.9,norte,0.8,norte,0.9,norte,,,11-13,este,SARGAZO_1257_19_NOVIEMBRE_2025.pdf,2025
2025-11-20,1258,BAJO,2923.0,8697.0,514.0,25996.0,1,NO,0.3,noroeste,0.2,noroeste,0.2,norte,,,1.1,noreste,0.6,norte,9-13,noreste,10-13,este,SARGAZO_1258_20_NOVIEMBRE_2025.pdf,2025
2025-11-21,1259,BAJO,26.0,111.0,5656.0,27069.0,1,NO,0.4,norte,0.9,norte,0.2,norte,1.3,noreste,1.1,noreste,0.8,norte,10-13,este,10-15,este,SARGAZO_1259_21_NOVIEMBRE_2025.pdf,2025
2025-11-22,1260,BAJO,27.0,156.0,5763.0,29614.0,0,NO,0.4,noroeste,0.7,norte,0.3,norte,,,1.3,noroeste,0.6,norte,7-12,noroeste,10-13,noroeste,SARGAZO_1260_22_NOVIEMBRE_2025.pdf,2025
2025-11-23,1261,BAJO,25.0,267.0,5270.0,31584.0,0,NO,0.1,noroeste,0.5,norte,0.3,norte,,,1.6,noroeste,0.8,norte,10-12,noroeste,11-14,noroeste,SARGAZO_1261_23_NOVIEMBRE_2025.pdf,2025
2025-11-25,1263,BAJO,3.0,228.0,5270.0,38418.0,0,NO,0.5,norte,0.6,norte,0.6,norte,1.7,norte,1.5,norte,1.0,norte,,,13-15,este,SARGAZO_1263_25_NOVIEMBRE_2025.pdf,2025
2025-11-26,1264,BAJO,6.0,250.0,5259.0,38408.0,0,NO,0.5,norte,0.6,norte,0.6,norte,1.7,norte,1.5,norte,1.0,norte,11-14,este,13-15,este,SARGAZO_1264_26_NOVIEMBRE_2025.pdf,2025
2025-11-27,1265,BAJO,12.0,239.0,2069.0,37650.0,0,NO,0.1,norte,0.6,norte,0.4,norte,1.7,norte,1.1,noreste,0.7,norte,8-10,este,6-11,noreste,SARGAZO_1265_27_NOVIEMBRE_2025.pdf,2025
2025-11-28,1266,BAJO,95.0,219.0,2010.0,37689.0,0,NO,0.1,norte,0.5,norte,0.4,norte,1.6,norte,1.2,noreste,0.7,norte,10-12,este,8-13,noreste,SARGAZO_1266_28_NOVIEMBRE_2025.pdf,2025
2025-11-29,1267,BAJO,86.0,459.0,4308.0,36771.0,0,NO,0.2,norte,0.2,norte,0.2,norte,1.3,norte,1.1,noreste,0.9,norte,09-12,este,11-13,noreste,SARGAZO_1267_29_NOVIEMBRE_2025.pdf,2025
2025-11-30,1268,BAJO,73.0,403.0,4242.0,34886.0,0,NO,0.3,norte,0.3,norte,0.4,norte,1.3,norte,1.0,noreste,1.0,norte,8-11,este,10-12,noreste,SARGAZO_1268_30_NOVIEMBRE_2025.pdf,2025
2025-12-01,1269,BAJO,13.0,428.0,4275.0,42617.0,3,NO,0.1,sur,0.5,norte,0.4,norte,,,1.3,noreste,1.5,norte,4-8,noreste,7-10,norte,SARGAZO_1269_01_DICIEMBRE_2025.pdf,2025
2025-12-02,1270,BAJO,23.0,971.0,4582.0,41966.0,3,NO,0.1,norte,0.5,norte,0.4,norte,1.4,noreste,1.2,noreste,0.8,norte,3-5,noreste,3-5,norte,SARGAZO_1270_02_DICIEMBRE_2025.pdf,2025
2025-12-03,1271,BAJO,34.0,1157.0,4887.0,39106.0,3,NO,0.3,norte,0.5,norte,0.5,norte,1.3,noreste,1.0,noreste,1.0,norte,4-6,este,4-5,noreste,SARGAZO_1271_03_DICIEMBRE_2025.pdf,2025
2025-12-04,1272,BAJO,31.0,1421.0,5284.0,37725.0,1,NO,0.2,noroeste,0.7,norte,0.3,norte,,,13.0,noreste,1.0,norte,9-12,sureste,10-13,este,SARGAZO_1272_04_DICIEMBRE_2025.pdf,2025
2025-12-05,1273,BAJO,29.0,1790.0,5521.0,37920.0,1,NO,0.1,noroeste,0.6,norte,0.2,noreste,1.3,norte,1.2,noreste,0.9,norte,,,,,SARGAZO_1273_05_DICIEMBRE_2025.pdf,2025
2025-12-06,1274,BAJO,26.0,1947.0,5707.0,39748.0,1,NO,0.1,noroeste,0.5,norte,0.3,noreste,1.3,norte,1.1,noreste,0.8,norte,5-7,este,3-8,este,SARGAZO_1274_06_DICIEMBRE_2025.pdf,2025
2025-12-07,1275,BAJO,26.0,1835.0,6083.0,46747.0,1,NO,0.3,norte,0.6,norte,0.2,norte,1.3,norte,1.1,noreste,0.7,norte,10-14,suroeste,11-16,este,SARGAZO_1275_07_DICIEMBRE_2025.pdf,2025
2025-12-08,1276,BAJO,29.0,1901.0,6080.0,50500.0,1,NO,0.3,noreste,0.4,norte,0.2,norte,1.1,noreste,1.1,noreste,0.6,norte,04-10,este,04-07,este,SARGAZO_1276_08_DICIEMBRE_2025.pdf,2025
2025-12-10,1278,BAJO,13.0,1808.0,6895.0,53987.0,0,NO,0.1,oeste,0.2,norte,0.2,norte,1.0,noreste,0.9,noreste,0.7,norte,02-05,noroeste,03-07,norte,SARGAZO_1278_10_DICIEMBRE_2025.pdf,2025
2025-12-11,1279,BAJO,14.0,2008.0,7030.0,56637.0,0,NO,0.1,sur,0.3,norte,0.1,norte,0.8,norte,0.8,noreste,0.4,norte,08-10,norte,04-07,norte,SARGAZO_1279_11_DICIEMBRE_2025.pdf,2025
2025-12-12,1280,BAJO,29.0,1953.0,8811.0,61019.0,0,NO,0.1,noreste,0.3,norte,0.1,noreste,0.9,norte,0.8,noreste,0.5,norte,09-11,norte,07-10,norte,SARGAZO_1280_12_DICIEMBRE_2025.pdf,2025
2025-12-13,1281,BAJO,45.0,2060.0,8737.0,60898.0,0,NO,0.3,noreste,0.3,norte,0.3,norte,1.1,norte,0.9,noreste,0.5,norte,,,,,SARGAZO_1281_13_DICIEMBRE_2025.pdf,2025
2025-12-14,1282,BAJO,43.0,2234.0,8467.0,61496.0,0,NO,0.2,suroeste,0.2,norte,0.2,norte,1.1,noreste,1.0,noreste,0.5,norte,,,,,SARGAZO_1282_14_DICIEMBRE_2025.pdf,2025
2025-12-16,1284,BAJO,42.0,2331.0,8852.0,49447.0,0,NO,0.2,suroeste,0.1,noroeste,0.1,norte,,,0.8,noreste,0.3,noroeste,10-15,noreste,10-12,norte,SARGAZO_1284_16_DICIEMBRE_2025.pdf,2025
2025-12-17,1285,BAJO,42.0,2237.0,8751.0,52629.0,0,NO,0.2,suroeste,0.2,norte,0.3,norte,,,1.2,noreste,0.7,norte,3-8,noreste,5-9,norte,SARGAZO_1285_17_DICIEMBRE_2025.pdf,2025
2025-12-18,1286,BAJO,116.0,8639.0,3027.0,60359.0,0,NO,0.1,este,0.4,norte,0.6,norte,,,1.3,noreste,0.8,norte,3-4,noreste,4-8,sureste,SARGAZO_1286_18_DICIEMBRE_2025.pdf,2025
2025-12-19,1287,BAJO,174.0,4192.0,8182.0,65096.0,0,NO,0.1,noreste,0.4,norte,0.3,norte,1.2,noreste,1.1,noreste,0.5,norte,5-9,este,6-10,este,SARGAZO_1287_19_DICIEMBRE_2025.pdf,2025
2025-12-20,1288,BAJO,390.0,4797.0,2486.0,28270.0,0,NO,0.2,oeste,0.1,norte,0.2,norte,1.3,noreste,0.7,norte,0.5,norte,,,,,SARGAZO_1288_20_DICIEMBRE_2025.pdf,2025
2025-12-21,1289,BAJO,376.0,7166.0,9198.0,81302.0,0,NO,0.1,oeste,0.4,norte,0.2,noroeste,1.0,norte,1.0,noreste,0.4,norte,10-15,noreste,8-15,este,SARGAZO_1289_21_DICIEMBRE_2025.pdf,2025
2025-12-22,1290,BAJO,409.0,7406.0,9538.0,93810.0,0,NO,0.2,oeste,0.3,norte,0.1,norte,1.0,noroeste,0.8,noreste,0.4,noroeste,14-18,noreste,13-16,noreste,SARGAZO_1290_22_DICIEMBRE_2025.pdf,2025
2025-12-23,1291,BAJO,569.0,7494.0,9549.0,101103.0,1,NO,,,0.3,noroeste,0.2,noroeste,1.0,norte,0.8,noreste,0.9,noroeste,9-14,noreste,10-12,noreste,SARGAZO_1291_23_DICIEMBRE_2025.pdf,2025
2025-12-24,1292,BAJO,728.0,8005.0,9651.0,123062.0,1,NO,0.2,noroeste,0.2,norte,0.2,norte,1.1,norte,1.0,noreste,0.9,este,,,,,SARGAZO_1292_24_DICIEMBRE_2025.pdf,2025
2025-12-25,1293,BAJO,736.0,8463.0,10520.0,128582.0,1,NO,0.3,suroeste,0.2,noroeste,0.2,norte,1.3,noreste,1.3,noreste,0.4,norte,,,,,SARGAZO_1293_25_DICIEMBRE_2025.pdf,2025
2025-12-26,1294,BAJO,73.0,617.0,8446.0,103862.0,1,NO,0.2,norte,0.4,norte,0.4,norte,1.4,norte,1.0,noreste,0.5,norte,,,,,SARGAZO_1294_26_DICIEMBRE_2025.pdf,2025
2025-12-27,1295,BAJO,938.0,3593.0,13465.0,146785.0,4,NO,0.3,norte,0.6,norte,0.4,norte,1.3,norte,1.1,noreste,0.6,norte,,,,,SARGAZO_1295_27_DICIEMBRE_2025.pdf,2025
2025-12-28,1296,BAJO,1273.0,7383.0,13950.0,148082.0,3,NO,0.3,norte,0.6,norte,0.4,norte,1.4,norte,1.2,noreste,0.6,norte,,,,,SARGAZO_1296_28_DICIEMBRE_2025.pdf,2025
2025-12-29,1297,BAJO,1621.0,7806.0,14395.0,150638.0,3,NO,0.3,norte,0.6,norte,0.5,norte,1.3,noreste,1.1,noreste,0.7,norte,,,,,SARGAZO_1297_29_DICIEMBRE_2025.pdf,2025
2025-12-30,1298,BAJO,1597.0,8118.0,14392.0,175170.0,4,NO,0.1,este,0.5,norte,0.5,norte,1.2,noreste,1.1,noreste,0.6,norte,,,,,SARGAZO_1298_30_DICIEMBRE_2025.pdf,2025
2025-12-31,1299,BAJO,1861.0,8206.0,15525.0,184148.0,4,NO,0.2,suroeste,0.3,norte,0.1,noroeste,1.0,noreste,0.9,noreste,0.26,noroeste,,,,,SARGAZO_1299_31_DICIEMBRE_2025.pdf,2025
2026-01-01,1300,BAJO,2017.0,7011.0,15463.0,,4,NO,0.1,este,0.4,norte,0.2,norte,1.2,noreste,1.1,noreste,0.4,norte,,,,,SARGAZO_1300_01_ENERO_2026.pdf,2026
2026-01-02,1301,BAJO,2558.0,6978.0,13951.0,187441.0,4,SI,0.3,noreste,0.7,norte,0.3,norte,1.5,noreste,1.4,noreste,0.7,norte,,,,,SARGAZO_1301_02_ENERO_2026.pdf,2026
2026-01-03,1302,BAJO,4047.0,6792.0,13639.0,184919.0,4,SI,0.4,norte,0.9,norte,0.4,norte,1.5,noreste,1.1,noreste,0.7,noroeste,,,,,SARGAZO_1302_03_ENERO_2026.pdf,2026
2026-01-04,1303,BAJO,5884.0,6942.0,14046.0,185844.0,4,SI,0.2,norte,0.8,norte,0.2,norte,1.3,norte,1.1,norte,0.1,noroeste,,,,,SARGAZO_1303_04_ENERO_2026.pdf,2026
2026-01-05,1304,BAJO,5769.0,7524.0,15112.0,188859.0,5,SI,0.3,norte,0.7,norte,0.2,noroeste,1.1,noroeste,0.7,este,0.1,sur,,,,,SARGAZO_1304_05_ENERO_2026.pdf,2026
2026-01-06,1305,BAJO,5926.0,9443.0,16327.0,182349.0,5,SI,0.3,norte,0.7,norte,0.2,noroeste,1.3,noroeste,1.1,noreste,0.4,norte,,,,,SARGAZO_1305_06_ENERO_2026.pdf,2026
2026-01-07,1306,BAJO,6106.0,9804.0,18018.0,176297.0,5,SI,0.3,norte,0.7,norte,0.2,noroeste,1.3,noroeste,1.1,noreste,0.4,norte,,,,,SARGAZO_1306_07_ENERO_2026.pdf,2026
2026-01-08,1307,BAJO,5880.0,11663.0,19484.0,173128.0,6,SI,0.3,norte,0.7,norte,0.2,noroeste,1.6,noreste,1.3,noreste,0.6,norte,,,,,SARGAZO_1307_08_ENERO_2026.pdf,2026
2026-01-09,1308,BAJO,6994.0,12864.0,19052.0,156965.0,6,NO,0.4,noreste,0.8,norte,1.4,norte,1.6,norte,,,0.7,norte,08-16,este,13-18,este,SARGAZO_1308_09_ENERO_2026.pdf,2026
2026-01-10,1309,BAJO,6449.0,13246.0,18748.0,158927.0,5,SI,0.5,norte,0.8,norte,0.5,norte,1.7,norte,1.6,noreste,0.9,norte,,,,,SARGAZO_1309_10_ENERO_2026.pdf,2026
2026-01-11,1310,BAJO,5373.0,14062.0,18118.0,156230.0,6,NO,0.2,norte,0.7,norte,0.3,norte,1.6,noreste,1.5,noreste,0.4,norte,,,,,SARGAZO_1310_11_ENERO_2026.pdf,2026
2026-01-12,1311,BAJO,5698.0,14062.0,18278.0,140693.0,6,NO,0.2,norte,0.7,norte,0.2,norte,1.6,noreste,1.1,noreste,2.0,norte,,,,,SARGAZO_1311_12_ENERO_2026.pdf,2026
2026-01-13,1312,BAJO,5918.0,12227.0,17335.0,128287.0,6,SI,0.2,norte,0.7,norte,0.2,norte,1.6,noreste,,,0.4,norte,7-12,norte,8-13,norte,SARGAZO_1312_13_ENERO_2026.pdf,2026
2026-01-14,1313,BAJO,7268.0,12169.0,14637.0,120262.0,7,SI,0.2,norte,0.7,norte,0.2,norte,1.6,noreste,,,0.4,norte,7-12,norte,8-13,norte,SARGAZO_1313_14_ENERO_2026.pdf,2026
2026-01-16,1315,BAJO,8327.0,14062.0,13337.0,142480.0,5,SI,0.4,norte,0.8,norte,0.1,noroeste,1.2,norte,0.7,este,0.4,suroeste,06-12,noroeste,07-12,norte,SARGAZO_1315_16_ENERO_2026.pdf,2026
2026-01-17,1316,BAJO,8131.0,11957.0,13094.0,118354.0,6,SI,0.3,norte,0.9,norte,0.2,oeste,1.6,noreste,1.5,noreste,0.4,noreste,,,,,SARGAZO_1316_17_ENERO_2026.pdf,2026
2026-01-18,1317,BAJO,8866.0,11970.0,11169.0,100180.0,7,SI,0.3,norte,0.6,norte,0.2,oeste,1.3,noreste,1.1,noreste,0.4,noreste,,,,,SARGAZO_1317_18_ENERO_2026.pdf,2026
2026-01-19,1318,BAJO,8670.0,11170.0,10281.0,106265.0,5,NO,0.2,este,0.1,sureste,0.4,suroeste,1.0,noreste,0.9,este,0.6,sur,,,,,SARGAZO_1318_19_ENERO_2026.pdf,2026
2026-01-20,1319,BAJO,8181.0,13891.0,9378.0,117330.0,5,NO,0.2,oeste,0.2,norte,0.4,suroeste,1.1,norte,0.9,norte,0.4,norte,,,,,SARGAZO_1319_20_ENERO_2026.pdf,2026
2026-01-21,1320,BAJO,7277.0,11169.0,12259.0,116542.0,5,NO,0.1,oeste,0.1,noreste,0.3,oeste,1.3,noreste,0.9,norte,,,,,,,SARGAZO_1320_21_ENERO_2026.pdf,2026
2026-01-22,1321,BAJO,3671.0,11170.0,13450.0,122422.0,6,NO,0.2,norte,0.3,norte,0.2,noroeste,1.3,noreste,1.3,noreste,,,7-10,norte,8-1,este,SARGAZO_1321_22_ENERO_2026.pdf,2026
2026-01-23,1322,BAJO,6684.0,11170.0,15199.0,99890.0,6,NO,0.4,norte,0.6,norte,0.3,norte,1.4,noroeste,1.3,este,0.8,este,7-9,este,7-10,noroeste,SARGAZO_1322_23_ENERO_2026.pdf,2026
2026-01-24,1323,BAJO,9787.0,16289.0,21864.0,92457.0,5,SI,0.2,norte,0.7,norte,0.4,norte,1.5,noroeste,1.3,noreste,0.7,norte,,,,,SARGAZO_1323_24_ENERO_2026.pdf,2026
2026-01-25,1324,BAJO,11652.0,22860.0,17168.0,109492.0,5,SI,0.6,norte,1.1,norte,0.6,norte,1.7,norte,1.5,noreste,1.0,norte,,,,,SARGAZO_1324_25_ENERO_2026.pdf,2026
2026-01-26,1325,BAJO,11743.0,25941.0,17060.0,117261.0,8,SI,0.4,norte,0.9,norte,0.6,norte,1.7,noreste,1.4,noreste,0.4,este,,,,,SARGAZO_1325_26_ENERO_2026.pdf,2026
2026-01-27,1326,BAJO,12885.0,26251.0,18078.0,126296.0,2,SI,0.4,noroeste,0.3,norte,0.6,norte,1.3,noreste,0.6,noreste,0.4,este,11-20,norte,12-21,norte,SARGAZO_1326_27_ENERO_2026.pdf,2026
2026-01-28,1327,BAJO,12908.0,26864.0,19639.0,129226.0,3,SI,0.4,noroeste,0.5,norte,0.4,norte,1.3,noreste,0.6,noreste,0.6,norte,,,,,SARGAZO_1327_28_ENERO_2026.pdf,2026
2026-01-29,1328,BAJO,13167.0,21864.0,20141.0,125499.0,2,SI,0.4,noroeste,0.5,norte,0.4,norte,1.5,noreste,0.6,noreste,0.7,norte,7-10,noreste,6-9,noreste,SARGAZO_1328_29_ENERO_2026.pdf,2026
2026-01-30,1329,BAJO,11844.0,28475.0,19932.0,137039.0,1,SI,0.4,noroeste,0.5,norte,0.4,norte,1.5,noreste,0.6,noreste,0.7,norte,7-10,noreste,6-9,noreste,SARGAZO_1329_30_ENERO_2026.pdf,2026
2026-01-31,1330,BAJO,10392.0,29518.0,19479.0,159662.0,3,SI,0.2,noreste,,,0.1,noreste,1.6,noreste,1.3,noreste,0.1,este,,,,,SARGAZO_1330_31_ENERO_2026.pdf,2026
2026-02-01,1331,BAJO,8528.0,29736.0,19083.0,159166.0,1,SI,0.3,noreste,0.7,norte,0.2,suroeste,0.8,noreste,0.6,este,0.3,sur,,,,,SARGAZO_1331_01_FEBRERO_2026.pdf,2026
2026-02-02,1332,BAJO,7445.0,27073.0,19328.0,161611.0,4,SI,0.1,norte,0.7,norte,,,0.8,noreste,0.6,noroeste,0.4,noroeste,,,,,SARGAZO_1332_02_FEBRERO_2026.pdf,2026
2026-02-03,1333,BAJO,3524.0,28475.0,19232.0,182875.0,0,NO,0.4,noroeste,0.7,norte,,,1.2,noreste,1.1,noroeste,0.5,norte,10-17,noreste,10-16,noreste,SARGAZO_1333_03_FEBRERO_2026.pdf,2026
2026-02-04,1334,BAJO,3688.0,28475.0,17749.0,202448.0,2,NO,0.5,noroeste,0.5,norte,,,0.9,noreste,0.8,noreste,0.6,norte,9-11,noreste,7-11,noreste,SARGAZO_1334_04_FEBRERO_2026.pdf,2026
2026-02-05,1335,BAJO,3992.0,28475.0,17040.0,215365.0,1,NO,0.3,noroeste,0.9,norte,,,1.3,noreste,,,0.6,norte,13-21,noreste,8-10,noreste,SARGAZO_1335_05_FEBRERO_2026.pdf,2026
2026-02-06,1336,BAJO,3157.0,28475.0,15671.0,232851.0,3,SI,0.3,norte,0.5,norte,,,1.1,norte,0.7,este,0.1,norte,,,,,SARGAZO_1336_06_FEBRERO_2026.pdf,2026
2026-02-07,1337,BAJO,1910.0,19974.0,18170.0,239381.0,0,SI,0.4,norte,0.7,norte,,,1.1,noreste,1.0,noreste,0.7,noreste,,,,,SARGAZO_1337_07_FEBRERO_2026.pdf,2026
2026-02-08,1338,BAJO,1440.0,12479.0,19875.0,263127.0,0,NO,0.3,norte,0.5,norte,,,1.1,noreste,0.9,noreste,0.5,norte,,,,,SARGAZO_1338_08_FEBRERO_2026.pdf,2026
2026-02-09,1339,BAJO,3935.0,28475.0,20322.0,265632.0,0,NO,0.2,norte,0.5,norte,,,1.3,noreste,1.2,noreste,1.0,norte,09-11,noreste,05-08,noreste,SARGAZO_1339_09_FEBRERO_2026.pdf,2026
2026-02-10,1340,BAJO,7460.0,20216.0,28475.0,280097.0,7,NO,0.4,norte,0.7,norte,,,1.3,noreste,1.2,noreste,0.9,norte,,,,,SARGAZO_1340_10_FEBRERO_2026.pdf,2026
2026-02-11,1341,BAJO,7460.0,20216.0,28475.0,280097.0,7,SI,0.6,norte,0.8,norte,,,1.1,norte,1.4,noreste,1.2,norte,12-15,este,10-14,este,SARGAZO_1341_11_FEBRERO_2026.pdf,2026
2026-02-12,1342,BAJO,8786.0,28475.0,18863.0,286976.0,7,NO,0.5,norte,0.7,norte,,,1.1,norte,1.4,noreste,0.8,norte,6-10,noreste,7-12,noreste,SARGAZO_1342_12_FEBRERO_2026.pdf,2026
2026-02-13,1343,BAJO,9365.0,28475.0,18769.0,276079.0,6,SI,0.4,este,0.6,norte,,,1.1,norte,1.4,noreste,0.8,norte,5-8,noreste,9-12,noreste,SARGAZO_1343_13_FEBRERO_2026.pdf,2026
2026-02-14,1344,BAJO,10435.0,22507.0,16089.0,274281.0,8,SI,0.5,norte,0.7,norte,,,1.4,noreste,1.1,noreste,1.2,noroeste,,,,,SARGAZO_1344_14_FEBRERO_2026.pdf,2026
2026-02-16,1346,BAJO,13241.0,26272.0,16829.0,282378.0,6,NO,0.6,noreste,0.9,norte,,,1.4,noreste,1.3,noreste,0.6,norte,4-7,oeste,3-8,noroeste,SARGAZO_1346_16_FEBRERO_2026.pdf,2026
2026-02-17,1347,BAJO,15579.0,29818.0,17094.0,266744.0,6,SI,0.3,norte,0.7,norte,,,1.5,norte,1.2,noreste,0.7,norte,8-11,este,8-11,este,SARGAZO_1347_17_FEBRERO_2026.pdf,2026
2026-02-18,1348,BAJO,15937.0,28475.0,18930.0,251865.0,9,SI,0.4,norte,0.9,norte,,,1.5,noreste,1.4,noreste,0.7,norte,9-12,sureste,8-11,sureste,SARGAZO_1348_18_FEBRERO_2026.pdf,2026
2026-02-19,1349,BAJO,15937.0,28475.0,18930.0,251865.0,10,SI,0.5,norte,0.7,norte,,,1.5,norte,1.3,noreste,1.1,norte,13-17,sureste,16-19,sureste,SARGAZO_1349_19_FEBRERO_2026.pdf,2026
2026-02-21,1351,BAJO,17334.0,28475.0,17556.0,276559.0,8,SI,0.7,norte,0.7,norte,,,1.5,noroeste,1.2,noreste,1.0,norte,,,,,SARGAZO_1351_21_FEBRERO_2026.pdf,2026
2026-02-22,1352,BAJO,18096.0,31309.0,15054.0,268270.0,8,SI,0.5,norte,0.5,norte,,,1.4,noroeste,1.4,noreste,0.8,norte,,,,,SARGAZO_1352_22_FEBRERO_2026.pdf,2026
2026-02-23,1353,BAJO,19547.0,30107.0,15659.0,253392.0,4,NO,1.0,sur,2.0,sur,,,0.9,noroeste,0.7,este,0.2,sur,,,,,SARGAZO_1353_23_FEBRERO_2026.pdf,2026
2026-02-25,1355,BAJO,17558.0,27195.0,13802.0,242898.0,7,SI,0.2,noroeste,0.2,noroeste,,,1.2,noreste,1.4,noreste,1.0,norte,9-13,este,,,SARGAZO_1355_25_FEBRERO_2026.pdf,2026
2026-02-26,1356,BAJO,16793.0,23737.0,13631.0,217338.0,7,NO,0.3,norte,0.5,norte,,,1.2,noreste,1.4,noreste,1.1,norte,13-16,sureste,,,SARGAZO_1356_26_FEBRERO_2026.pdf,2026
2026-02-27,1357,BAJO,17090.0,23774.0,13608.0,210535.0,8,SI,0.3,norte,0.6,norte,,,1.3,norte,1.2,norte,0.9,norte,11-15,sureste,12-15,este,SARGAZO_1357_27_FEBRERO_2026.pdf,2026
2026-02-28,1358,BAJO,17151.0,24601.0,13659.0,199555.0,6,SI,0.4,norte,0.6,norte,,,1.1,noreste,1.6,noreste,1.2,norte,11-13,sureste,14-16,sureste,SARGAZO_1358_28_FEBRERO_2026.pdf,2026
2026-03-01,1359,MODERADO,18552.0,14668.0,22941.0,192742.0,6,NO,0.2,noroeste,0.4,norte,,,1.1,norte,0.9,noreste,0.6,norte,8-13,este,9-11,este,SARGAZO_1359_01_MARZO_2026.pdf,2026
2026-03-03,1361,MODERADO,17670.0,27514.0,12626.0,184716.0,3,SI,0.3,noroeste,0.3,noroeste,,,1.0,noreste,1.0,noreste,0.7,norte,11-15,este,,,SARGAZO_1361_03_MARZO_2026.pdf,2026
2026-03-04,1362,MODERADO,17868.0,28176.0,11678.0,173309.0,8,NO,0.4,noroeste,0.3,noroeste,,,1.2,noreste,1.1,noreste,0.7,norte,12-15,este,,,SARGAZO_1362_04_MARZO_2026.pdf,2026
2026-03-05,1363,MODERADO,16729.0,27814.0,10447.0,171063.0,8,SI,0.2,noroeste,0.3,noroeste,,,1.3,noreste,1.4,noreste,0.9,norte,9-14,este,,,SARGAZO_1363_05_MARZO_2026.pdf,2026
2026-03-06,1364,MODERADO,16194.0,27690.0,10670.0,177263.0,7,NO,0.4,norte,0.6,norte,,,1.2,noreste,1.1,noreste,0.7,norte,10-13,este,,,SARGAZO_1364_06_MARZO_2026.pdf,2026
2026-03-07,1365,MODERADO,17722.0,27264.0,12328.0,182574.0,4,SI,0.3,noroeste,0.7,norte,,,1.3,norte,1.4,noreste,0.8,norte,,,,,SARGAZO_1365_07_MARZO_2026.pdf,2026
2026-03-08,1366,MODERADO,16519.0,29630.0,11602.0,183037.0,5,SI,0.4,noroeste,0.7,norte,,,1.4,noreste,1.5,noreste,0.7,norte,,,,,SARGAZO_1366_08_MARZO_2026.pdf,2026
2026-03-09,1367,MODERADO,19405.0,29950.0,12164.0,183660.0,6,SI,0.5,norte,0.7,norte,0.5,norte,1.3,noreste,1.3,noreste,0.9,norte,10-12,este,,,SARGAZO_1367_09_MARZO_2026.pdf,2026
2026-03-10,1368,ALTO,,29619.0,13022.0,200496.0,6,SI,0.4,norte,0.9,norte,0.4,norte,1.4,noreste,1.2,noreste,0.8,noroeste,,,,,SARGAZO_1368_10_MARZO_2026.pdf,2026
2026-03-11,1369,ALTO,,28949.0,13226.0,204281.0,8,SI,0.6,norte,0.9,norte,0.4,norte,1.4,norte,1.6,noreste,1.0,norte,,,,,SARGAZO_1369_11_MARZO_2026.pdf,2026
2026-03-12,1370,ALTO,,31295.0,14549.0,212950.0,9,SI,0.6,norte,1.0,norte,0.3,noreste,,,1.5,noreste,1.0,norte,5-9,este,,,SARGAZO_1370_12_MARZO_2026.pdf,2026
2026-03-13,1371,ALTO,27545.0,32726.0,16302.0,216174.0,5,SI,0.3,noreste,0.7,norte,0.4,noreste,,,1.1,noreste,1.4,norte,1-5,noreste,,,SARGAZO_1371_13_MARZO_2026.pdf,2026
2026-03-30,1387,MUY ALTO,23360.0,35728.0,103612.0,380569.0,7,SI,0.5,norte,1.0,norte,0.2,noroeste,1.7,noreste,1.6,noreste,0.6,norte,11-15,este,,,SARGAZO_1387_30_MARZO_2026.pdf,2026
2026-04-01,1389,MUY ALTO,,,,,9,NO,0.6,norte,0.8,norte,0.2,noroeste,1.3,norte,1.4,noreste,0.8,norte,,,,,SARGAZO_1389_01_ABRIL_2026.pdf,2026
2026-04-02,1390,MUY ALTO,16741.0,37400.0,109943.0,376478.0,5,NO,0.6,norte,1.1,norte,0.3,noroeste,1.9,noreste,1.9,noreste,0.7,norte,10-13,este,,,SARGAZO_1390_02_ABRIL_2026.pdf,2026
2026-04-03,1391,MUY ALTO,17004.0,37057.0,112709.0,399615.0,5,NO,0.5,noroeste,1.1,norte,0.2,oeste,1.8,norte,1.7,noreste,0.7,norte,10-14,este,,,SARGAZO_1391_03_ABRIL_2026.pdf,2026
2026-04-04,1392,MUY ALTO,18340.0,37365.0,113991.0,405682.0,5,SI,0.7,norte,1.1,norte,0.2,oeste,1.8,norte,1.8,noreste,0.9,norte,,,,,SARGAZO_1392_04_ABRIL_2026.pdf,2026
2026-04-05,1393,MUY ALTO,16688.0,38964.0,118224.0,404904.0,6,SI,0.6,norte,1.0,norte,0.3,oeste,1.7,noreste,1.8,noreste,0.8,norte,,,,,SARGAZO_1393_05_ABRIL_2026.pdf,2026
2026-04-06,1394,MUY ALTO,24507.0,49700.0,111611.0,397197.0,4,NO,0.3,norte,0.3,norte,0.3,oeste,1.7,noreste,1.8,noreste,0.6,norte,02-06,este,,,SARGAZO_1394_06_ABRIL_2026.pdf,2026
2026-04-07,1395,MUY ALTO,33001.0,50259.0,112960.0,376064.0,6,SI,0.3,este,1.0,norte,0.3,oeste,1.8,noreste,1.5,noreste,0.2,norte,01-06,este,,,SARGAZO_1395_07_ABRIL_2026.pdf,2026
2026-04-08,1396,MUY ALTO,35435.0,55201.0,115793.0,373156.0,6,SI,0.2,norte,1.1,norte,0.4,oeste,1.6,noreste,1.4,noreste,0.2,norte,7-10,sureste,,,SARGAZO_1396_08_ABRIL_2026.pdf,2026
2026-04-09,1397,MUY ALTO,42456.0,60942.0,102219.0,336922.0,7,SI,0.7,norte,1.3,norte,0.3,oeste,1.5,noreste,1.2,noreste,0.4,noreste,5-7,noreste,,,SARGAZO_1397_09_ABRIL_2026.pdf,2026
2026-04-10,1398,MUY ALTO,41191.0,60498.0,105363.0,302460.0,7,SI,0.8,norte,1.3,norte,0.2,oeste,1.5,noreste,1.0,noreste,0.4,norte,4-6,noreste,,,SARGAZO_1398_10_ABRIL_2026.pdf,2026
2026-04-11,1399,MUY ALTO,40097.0,64833.0,87098.0,262206.0,8,SI,0.4,noroeste,1.1,noroeste,0.2,suroeste,1.3,noreste,1.3,noreste,0.7,norte,13-15,este,,,SARGAZO_1399_11_ABRIL_2026.pdf,2026
2026-04-12,1400,MUY ALTO,39118.0,63079.0,121014.0,267950.0,7,NO,0.3,noroeste,1.1,noroeste,0.3,suroeste,1.4,noreste,1.2,noreste,0.5,norte,,,,,SARGAZO_1400_12_ABRIL_2026.pdf,2026
2026-04-13,1401,MUY ALTO,37732.0,53797.0,134646.0,259048.0,5,NO,0.5,noroeste,1.0,noroeste,0.3,norte,1.4,noreste,1.2,noreste,0.6,norte,12-16,este,,,SARGAZO_1401_13_ABRIL_2026.pdf,2026
2026-04-14,1402,MUY ALTO,34324.0,52559.0,142956.0,313904.0,6,SI,0.4,noroeste,1.0,norte,0.2,noroeste,1.6,noreste,1.4,noreste,0.7,norte,12-14,este,,,SARGAZO_1402_14_ABRIL_2026.pdf,2026
2026-04-16,1404,MUY ALTO,21461.0,46383.0,165557.0,307880.0,6,SI,0.8,norte,1.1,norte,0.4,noroeste,1.4,norte,1.4,noreste,0.9,norte,13-15,este,,,SARGAZO_1404_16_ABRIL_2026.pdf,2026
2026-04-17,1405,MUY ALTO,21685.0,59765.0,167091.0,290976.0,6,SI,0.7,norte,1.0,norte,0.2,noroeste,1.6,noreste,1.6,noreste,0.7,norte,09-11,este,,,SARGAZO_1405_17_ABRIL_2026.pdf,2026
2026-04-18,1406,MUY ALTO,22090.0,68192.0,172318.0,277120.0,7,SI,0.7,norte,1.0,norte,0.2,noroeste,1.6,noreste,1.6,noreste,0.7,norte,09-11,este,,,SARGAZO_1406_18_ABRIL_2026.pdf,2026
2026-04-19,1407,MUY ALTO,20031.0,59990.0,188510.0,290020.0,5,SI,0.5,norte,1.1,norte,0.1,noroeste,1.6,noreste,1.3,noreste,0.2,noroeste,,,,,SARGAZO_1407_19_ABRIL_2026.pdf,2026
2026-04-21,1409,MUY ALTO,29946.0,91851.0,172194.0,171264.0,4,NO,0.6,norte,1.1,norte,0.1,oeste,1.6,noreste,1.3,noreste,0.7,noroeste,9-13,noreste,7-9,este,SARGAZO_1409_21_ABRIL_2026.pdf,2026
2026-04-22,1410,MUY ALTO,27954.0,90949.0,182692.0,204887.0,5,SI,0.6,norte,1.1,norte,0.3,noroeste,1.7,noreste,1.8,noreste,0.6,norte,9-13,noreste,8-10,este,SARGAZO_1410_22_ABRIL_2026.pdf,2026
2026-04-23,1411,MUY ALTO,31912.0,90483.0,214670.0,269150.0,4,SI,0.8,norte,1.5,norte,0.2,noroeste,1.3,noreste,1.3,noreste,1.0,norte,10-11,noreste,7-11,noreste,SARGAZO_1411_23_ABRIL_2026.pdf,2026
2026-04-25,1413,MUY ALTO,39084.0,89600.0,244771.0,420104.0,4,SI,0.6,norte,1.5,norte,0.2,norte,1.3,noreste,1.0,noreste,0.7,norte,8-10,sureste,9-11,sureste,SARGAZO_1413_25_ABRIL_2026.pdf,2026
2026-04-26,1414,MUY ALTO,39009.0,93384.0,246340.0,462526.0,5,SI,0.7,norte,1.4,norte,0.2,oeste,1.2,norte,1.1,norte,0.7,norte,10-12,sureste,8-13,sureste,SARGAZO_1414_26_ABRIL_2026.pdf,2026
2026-04-27,1415,MUY ALTO,38717.0,95353.0,255603.0,448453.0,5,SI,0.7,norte,1.4,norte,0.2,oeste,1.2,norte,1.1,norte,0.7,norte,10-12,sureste,8-13,sureste,SARGAZO_1415_27_ABRIL_2026.pdf,2026
2026-04-29,1417,MUY ALTO,40242.0,10259.0,243181.0,539402.0,6,SI,0.5,noreste,1.0,norte,,,1.3,noreste,1.5,norte,1.0,norte,08-11,suroeste,10-12,este,SARGAZO_1417_29_ABRIL_2026.pdf,2026
2026-05-01,1419,MUY ALTO,42229.0,103871.0,185390.0,531987.0,5,SI,0.7,norte,1.5,norte,0.1,suroeste,1.0,noreste,1.2,noreste,0.7,norte,16-14,sureste,15-14,sureste,SARGAZO_1419_01_MAYO_2026.pdf,2026
2026-05-03,1421,MUY ALTO,37375.0,86360.0,188402.0,548054.0,5,SI,0.4,norte,1.3,norte,0.2,norte,0.8,noreste,0.9,noreste,0.3,noreste,7-10,sureste,8-10,este,SARGAZO_1421_03_MAYO_2026.pdf,2026
2026-05-04,1422,MUY ALTO,34998.0,70092.0,199047.0,539054.0,5,SI,0.7,norte,1.3,norte,0.1,norte,0.6,noreste,0.5,noreste,0.9,norte,4-8,este,1-5,este,SARGAZO_1422_04_MAYO_2026.pdf,2026
2026-05-07,1425,MUY ALTO,52484.0,60837.0,229109.0,464620.0,5,SI,0.8,norte,1.5,norte,0.1,norte,0.3,norte,0.3,norte,0.9,norte,16-14,sureste,16-13,sureste,SARGAZO_1425_07_MAYO_2026.pdf,2026
2026-05-08,1426,MUY ALTO,52025.0,60317.0,239471.0,478111.0,6,SI,0.7,norte,1.5,norte,0.2,suroeste,0.2,noreste,0.2,noreste,0.7,norte,11-16,sureste,16-17,sureste,SARGAZO_1426_08_MAYO_2026.pdf,2026
2026-05-09,1427,MUY ALTO,51649.0,62018.0,265164.0,518912.0,5,SI,1.0,norte,1.4,norte,0.1,oeste,0.3,noroeste,0.4,norte,1.0,norte,14-18,sureste,16,este,SARGAZO_1427_09_MAYO_2026.pdf,2026
2026-05-10,1428,MUY ALTO,53292.0,72315.0,271187.0,510250.0,6,NO,0.7,norte,1.3,norte,0.1,oeste,0.1,noroeste,0.3,norte,0.7,norte,13-16,sureste,16-19,sureste,SARGAZO_1428_10_MAYO_2026.pdf,2026
2026-05-11,1429,MUY ALTO,52829.0,72564.0,270298.0,505311.0,5,SI,0.6,norte,1.2,norte,0.1,noroeste,,,,,0.6,norte,12-11,sureste,10-13,este,SARGAZO_1429_11_MAYO_2026.pdf,2026
2026-05-12,1430,MUY ALTO,41704.0,75402.0,262871.0,477685.0,6,SI,0.5,noreste,0.9,norte,0.1,norte,0.0,noroeste,0.1,norte,0.3,norte,08-12,sureste,12-14,este,SARGAZO_1430_12_MAYO_2026.pdf,2026
2026-05-13,1431,MUY ALTO,57255.0,84283.0,266954.0,463771.0,6,SI,0.3,noreste,1.0,norte,0.3,norte,0.3,norte,0.3,norte,0.3,norte,07-10,noreste,8-11,este,SARGAZO_1431_13_MAYO_2026.pdf,2026
2026-05-14,1432,MUY ALTO,66011.0,86023.0,260881.0,421427.0,6,SI,0.5,noreste,1.0,norte,0.4,norte,0.3,norte,0.1,norte,0.1,norte,01-07,noreste,6-8,este,SARGAZO_1432_14_MAYO_2026.pdf,2026
2026-05-16,1434,MUY ALTO,85523.0,88625.0,231927.0,234740.0,5,SI,0.3,norte,1.0,norte,0.4,norte,1.1,norte,0.6,norte,0.1,norte,,,,,SARGAZO_1434_16_MAYO_2026.pdf,2026
2026-05-17,1435,EXCESIVO,86201.0,93847.0,220127.0,157971.0,10,SI,0.6,norte,1.0,norte,0.5,norte,1.2,norte,1.3,noreste,0.6,noreste,12-16,este,16-19,sureste,SARGAZO_1435_17_MAYO_2026.pdf,2026
2026-05-18,1436,EXCESIVO,88287.0,96554.0,218840.0,206190.0,10,SI,0.6,norte,1.0,norte,0.4,norte,1.5,noreste,1.3,noreste,0.6,norte,12-14,sureste,14-17,sureste,SARGAZO_1436_18_MAYO_2026.pdf,2026
2026-05-19,1437,EXCESIVO,90538.0,92530.0,232885.0,230080.0,10,SI,0.5,norte,0.9,norte,0.3,norte,1.5,noreste,1.4,noreste,0.3,norte,11-13,sureste,11-15,este,SARGAZO_1437_19_MAYO_2026.pdf,2026
2026-05-21,1439,EXCESIVO,84028.0,92320.0,234779.0,259221.0,7,NO,0.5,norte,0.9,norte,0.5,norte,1.6,norte,1.6,noreste,0.2,norte,,,,,SARGAZO_1439_21_MAYO_2026.pdf,2026
2026-05-22,1440,EXCESIVO,77642.0,89983.0,242017.0,285249.0,4,NO,0.6,norte,0.9,norte,0.,norte,1.7,norte,1.0,noreste,0.7,norte,,,,,SARGAZO_1440_22_MAYO_2026.pdf,2026
2026-05-23,1441,EXCESIVO,72541.0,89338.0,200568.0,289904.0,7,SI,0.6,norte,1.0,norte,0.6.,norte,1.7,noreste,2.0,noreste,0.6,norte,,,,,SARGAZO_1441_23_MAYO_2026.pdf,2026
2026-05-25,1443,EXCESIVO,69624.0,78625.0,206199.0,258642.0,5,NO,0.5,norte,0.9,norte,0.3,norte,1.8,noreste,1.7,noreste,0.8,norte,,,,,SARGAZO_1443_25_MAYO_2026.pdf,2026
2026-05-26,1444,EXCESIVO,66809.0,78364.0,186356.0,244349.0,8,NO,0.3,norte,0.9,norte,0.3,noroeste,1.8,noreste,1.7,noreste,0.8,norte,10-15,este,12-17,este,SARGAZO_1444_26_MAYO_2026.pdf,2026
2026-05-27,1445,EXCESIVO,67442.0,70471.0,130902.0,220396.0,5,NO,0.5,noroeste,,,0.4,norte,1.9,noreste,1.8,noreste,0.5,norte,15-22,sureste,18-20,este,SARGAZO_1445_27_MAYO_2026.pdf,2026
2026-05-30,1448,EXCESIVO,27407.0,42288.0,165196.0,158855.0,8,SI,0.5,norte,0.9,norte,0.4,norte,1.7,noreste,1.7,noreste,0.5,norte,,,12-17,sureste,SARGAZO_1448_30_MAYO_2026.pdf,2026
2026-05-31,1449,EXCESIVO,26589.0,28840.0,185798.0,147011.0,5,SI,0.6,norte,0.9,norte,0.6,norte,1.6,noreste,1.7,noreste,0.6,noreste,,,15-19,sureste,SARGAZO_1449_31_MAYO_2026.pdf,2026
